unix_timestamp,block_number,memory_bytes
1768038686,1,0
1768038692,2,0
1768038696,3,0
1768038696,4,0
1768038696,5,0
1768038696,6,0
1768038696,7,0
1768038697,8,0
1768038697,9,0
1768038697,10,0
1768038698,11,0
1768038698,12,0
1768038698,13,0
1768038698,14,0
1768038699,15,0
1768038699,16,0
1768038700,17,0
1768038700,18,0
1768038700,19,0
1768038701,20,0
1768038701,21,0
1768038701,22,0
1768038702,23,0
1768038702,24,0
1768038702,25,0
1768038703,26,0
1768038703,27,0
1768038703,28,0
1768038703,29,0
1768038704,30,0
1768038704,31,0
1768038704,32,0
1768038705,33,0
1768038705,34,0
1768038705,35,0
1768038706,36,0
1768038706,37,0
1768038706,38,0
1768038707,39,0
1768038707,40,0
1768038707,41,0
1768038708,42,0
1768038708,43,0
1768038708,44,0
1768038709,45,0
1768038709,46,0
1768038709,47,0
1768038710,48,0
1768038710,49,0
1768038710,50,0
1768038711,51,0
1768038711,52,0
1768038711,53,0
1768038712,54,0
1768038712,55,0
1768038713,56,0
1768038713,57,0
1768038714,58,0
1768038714,59,0
1768038714,60,0
1768038715,61,0
1768038715,62,0
1768038715,63,0
1768038716,64,0
1768038716,65,0
1768038716,66,0
1768038716,67,0
1768038717,68,0
1768038717,69,0
1768038717,70,0
1768038718,71,0
1768038718,72,0
1768038718,73,0
1768038719,74,0
1768038719,75,0
1768038720,76,0
1768038720,77,0
1768038720,78,0
1768038721,79,0
1768038721,80,0
1768038721,81,0
1768038721,82,0
1768038722,83,0
1768038722,84,0
1768038722,85,0
1768038723,86,0
1768038723,87,0
1768038723,88,0
1768038784,89,15576
1768038784,90,46312
1768038784,91,46388
1768038785,92,68452
1768038785,93,73240
1768038785,94,136884
1768038785,95,202924
1768038785,96,203240
1768038785,97,214272
1768038785,98,214496
1768038786,99,272904
1768038786,100,273244
1768038786,101,273488
1768038786,102,347696
1768038786,103,348248
1768038786,104,407300
1768038787,105,407716
1768038787,106,408168
1768038787,107,408656
1768038787,108,408708
1768038787,109,409092
1768038787,110,429512
1768038788,111,699640
1768038788,112,699900
1768038788,113,700384
1768038788,114,700528
1768038788,115,700848
1768038788,116,775316
1768038789,117,776100
1768038789,118,776448
1768038789,119,776696
1768038789,120,777132
1768038790,121,798004
1768038790,122,798304
1768038790,123,798528
1768038790,124,798832
1768038790,125,799156
1768038790,126,799508
1768038790,127,800328
1768038791,128,800552
1768038791,129,800908
1768038791,130,1096196
1768038791,131,1096560
1768038791,132,1097172
1768038791,133,1097352
1768038792,134,1097672
1768038792,135,1097908
1768038792,136,1098192
1768038792,137,1098440
1768038792,138,1098832
1768038792,139,1098828
1768038792,140,1098508
1768038793,141,1099144
1768038793,142,1099036
1768038793,143,1099400
1768038793,144,1098876
1768038793,145,1097292
1768038793,146,1097456
1768038794,147,1097692
1768038794,148,1097432
1768038794,149,1096204
1768038794,150,1096008
1768038794,151,1096040
1768038794,152,1094748
1768038794,153,1094064
1768038794,154,1092768
1768038795,155,1092440
1768038795,156,1092508
1768038795,157,1091656
1768038795,158,1092384
1768038795,159,1184832
1768038795,160,1184304
1768038795,161,1183724
1768038796,162,1183812
1768038796,163,1183552
1768038796,164,1183472
1768038796,165,1183732
1768038796,166,1183292
1768038796,167,1183136
1768038796,168,1183040
1768038797,169,1183348
1768038797,170,1183132
1768038797,171,1182984
1768038797,172,1183128
1768038797,173,1183104
1768038797,174,1183152
1768038798,175,1182960
1768038798,176,1182880
1768038798,177,1182488
1768038798,178,1182480
1768038798,179,1182608
1768038798,180,1182588
1768038798,181,1182456
1768038799,182,1182072
1768038799,183,1182688
1768038799,184,1182404
1768038799,185,1182532
1768038799,186,1182444
1768038799,187,1182640
1768038799,188,1182656
1768038800,189,1182620
1768038800,190,1183348
1768038800,191,1183040
1768038800,192,1182892
1768038800,193,1182852
1768038800,194,1182452
1768038801,195,1182828
1768038801,196,1182808
1768038801,197,1182776
1768038801,198,1182896
1768038801,199,1182952
1768038801,200,1182456
1768038801,201,1182684
1768038802,202,1182828
1768038802,203,1182856
1768038802,204,1183004
1768038802,205,1183004
1768038802,206,1182556
1768038802,207,1182764
1768038802,208,1182292
1768038802,209,1182432
1768038803,210,1182568
1768038803,211,1182784
1768038803,212,1182664
1768038803,213,1182488
1768038803,214,1182692
1768038803,215,1182532
1768038803,216,1182604
1768038804,217,1182616
1768038804,218,1182460
1768038804,219,1182064
1768038804,220,1182440
1768038804,221,1182000
1768038804,222,1181872
1768038804,223,1181816
1768038804,224,1181804
1768038805,225,1182040
1768038805,226,1182100
1768038805,227,1182084
1768038805,228,1182184
1768038805,229,1182144
1768038805,230,1181972
1768038806,231,1182092
1768038806,232,1182112
1768038806,233,1181668
1768038806,234,1181884
1768038806,235,1181732
1768038806,236,1182088
1768038806,237,1181888
1768038807,238,1181876
1768038807,239,1181904
1768038807,240,1181152
1768038807,241,1181072
1768038807,242,1181224
1768038807,243,1180948
1768038807,244,1180620
1768038807,245,1180112
1768038807,246,1180464
1768038808,247,1180508
1768038808,248,1180424
1768038808,249,1180628
1768038808,250,1180928
1768038808,251,1180512
1768038808,252,1180524
1768038809,253,1180504
1768038809,254,1180588
1768038809,255,1180720
1768038809,256,1180956
1768038809,257,1180576
1768038809,258,1180724
1768038809,259,1180532
1768038809,260,1180380
1768038810,261,1195452
1768038810,262,1195344
1768038810,263,1195696
1768038810,264,1195856
1768038811,265,1196068
1768038811,266,1196064
1768038811,267,1195784
1768038811,268,1195856
1768038811,269,1196080
1768038811,270,1195796
1768038811,271,1195752
1768038811,272,1196080
1768038812,273,1196068
1768038812,274,1196064
1768038812,275,1196392
1768038812,276,1196248
1768038812,277,1196260
1768038812,278,1195916
1768038813,279,1196276
1768038813,280,1196300
1768038813,281,1196520
1768038813,282,1196604
1768038813,283,1196432
1768038813,284,1196404
1768038814,285,1196448
1768038814,286,1195928
1768038814,287,1196336
1768038814,288,1195848
1768038814,289,1195936
1768038814,290,1196048
1768038814,291,1196112
1768038815,292,1196312
1768038815,293,1196248
1768038815,294,1196508
1768038815,295,1196640
1768038815,296,1196448
1768038815,297,1196908
1768038815,298,1196800
1768038816,299,1196580
1768038816,300,1196352
1768038816,301,1196096
1768038816,302,1196248
1768038816,303,1201900
1768038817,304,1349644
1768038817,305,1349924
1768038817,306,1349232
1768038817,307,1349188
1768038817,308,1349152
1768038817,309,1349968
1768038817,310,1349856
1768038818,311,1350196
1768038818,312,1351300
1768038818,313,1350676
1768038819,314,1351152
1768038819,315,1350176
1768038819,316,1349932
1768038819,317,1351032
1768038820,318,1351996
1768038820,319,1351344
1768038820,320,1351168
1768038820,321,1352464
1768038820,322,1352460
1768038821,323,1353500
1768038821,324,1352504
1768038821,325,1351248
1768038821,326,1354176
1768038822,327,1353868
1768038822,328,1355500
1768038822,329,1352752
1768038822,330,1530004
1768038823,331,1529892
1768038823,332,1529700
1768038823,333,1529732
1768038823,334,1529672
1768038823,335,1530172
1768038823,336,1530076
1768038824,337,1570572
1768038824,338,1570544
1768038824,339,1570628
1768038825,340,1943964
1768038825,341,1943980
1768038825,342,1944524
1768038825,343,1944804
1768038826,344,1945540
1768038826,345,1945676
1768038826,346,1945488
1768038826,347,1945676
1768038827,348,1946284
1768038827,349,1946012
1768038827,350,1946896
1768038827,351,1947072
1768038828,352,2537500
1768038828,353,2534676
1768038828,354,2533320
1768038828,355,2532936
1768038829,356,2534280
1768038829,357,2534556
1768038829,358,2534484
1768038829,359,2532524
1768038829,360,2532728
1768038830,361,2529988
1768038830,362,2527760
1768038830,363,2527668
1768038830,364,2526372
1768038830,365,2525996
1768038830,366,2526120
1768038830,367,2524196
1768038830,368,2522188
1768038830,369,2522440
1768038831,370,2521860
1768038831,371,2520336
1768038831,372,2520264
1768038831,373,2518288
1768038831,374,2518712
1768038831,375,2518380
1768038831,376,2514632
1768038832,377,2513972
1768038832,378,2512492
1768038832,379,2512796
1768038832,380,2511140
1768038832,381,2510420
1768038832,382,2510228
1768038832,383,2510060
1768038832,384,2510392
1768038833,385,2508784
1768038833,386,2508756
1768038833,387,2505356
1768038833,388,2505648
1768038833,389,2505512
1768038833,390,2502816
1768038834,391,2503612
1768038834,392,2501760
1768038834,393,2502732
1768038834,394,2500788
1768038835,395,2502388
1768038835,396,2502164
1768038835,397,2501756
1768038835,398,2499600
1768038835,399,2501116
1768038836,400,2499108
1768038836,401,2498932
1768038836,402,2496648
1768038836,403,2496672
1768038836,404,2496752
1768038836,405,2496464
1768038836,406,2494864
1768038837,407,2494736
1768038837,408,2494472
1768038837,409,2494684
1768038837,410,2494936
1768038837,411,2493544
1768038838,412,2496112
1768038838,413,2496088
1768038838,414,2496048
1768038838,415,2496452
1768038838,416,2496248
1768038838,417,2496032
1768038839,418,2497128
1768038839,419,2497080
1768038839,420,2497052
1768038839,421,2498664
1768038839,422,2498388
1768038840,423,2498892
1768038840,424,2499012
1768038840,425,2498556
1768038840,426,2498640
1768038840,427,2499316
1768038840,428,2499748
1768038841,429,2499720
1768038841,430,2499452
1768038841,431,2499796
1768038841,432,2500648
1768038841,433,2500880
1768038841,434,2500932
1768038842,435,2500996
1768038842,436,2501280
1768038842,437,2501012
1768038842,438,2501460
1768038842,439,2501900
1768038842,440,2500484
1768038843,441,2499464
1768038843,442,2499492
1768038843,443,2498988
1768038843,444,2498460
1768038843,445,2496860
1768038843,446,2496640
1768038844,447,2495524
1768038844,448,2495668
1768038844,449,2494136
1768038844,450,2494456
1768038844,451,2494756
1768038844,452,2494404
1768038844,453,2494340
1768038845,454,2494164
1768038845,455,2494700
1768038845,456,2494172
1768038845,457,2493864
1768038845,458,2494248
1768038845,459,2494880
1768038846,460,2494316
1768038846,461,2494272
1768038846,462,2491496
1768038846,463,2491140
1768038846,464,2491008
1768038846,465,2491212
1768038846,466,2491164
1768038846,467,2491136
1768038846,468,2489984
1768038847,469,2490704
1768038847,470,2490772
1768038847,471,2488476
1768038847,472,2488324
1768038847,473,2488244
1768038848,474,2488052
1768038848,475,2488264
1768038848,476,2488452
1768038848,477,2487492
1768038848,478,2487528
1768038848,479,2487436
1768038848,480,2487700
1768038849,481,2487456
1768038849,482,2486896
1768038849,483,2487896
1768038849,484,2487632
1768038849,485,2488524
1768038850,486,2488448
1768038850,487,2488620
1768038850,488,2488108
1768038850,489,2487808
1768038850,490,2488292
1768038850,491,2488788
1768038851,492,2489244
1768038851,493,2488432
1768038851,494,2488804
1768038851,495,2488828
1768038851,496,2488796
1768038851,497,2488708
1768038851,498,2488604
1768038852,499,2489192
1768038852,500,2489856
1768038852,501,2489456
1768038852,502,2489528
1768038853,503,2490396
1768038853,504,2490212
1768038853,505,2489936
1768038853,506,2490520
1768038853,507,2490944
1768038854,508,2490456
1768038854,509,2490504
1768038854,510,2490336
1768038854,511,2490708
1768038854,512,2490704
1768038855,513,2491676
1768038855,514,2491896
1768038855,515,2491440
1768038855,516,2491444
1768038855,517,2491988
1768038855,518,2491868
1768038856,519,2649616
1768038856,520,2649300
1768038856,521,2648864
1768038856,522,2649260
1768038856,523,2649336
1768038856,524,2649668
1768038856,525,2649392
1768038857,526,2649904
1768038857,527,2650452
1768038857,528,2650128
1768038857,529,2650352
1768038857,530,2650588
1768038858,531,2650724
1768038858,532,2650744
1768038858,533,2649956
1768038858,534,2649604
1768038858,535,2648764
1768038858,536,2648740
1768038858,537,2648828
1768038859,538,2648596
1768038859,539,2648772
1768038859,540,2648148
1768038859,541,2647684
1768038859,542,2647248
1768038859,543,2647552
1768038859,544,2647488
1768038860,545,2647372
1768038860,546,2647464
1768038860,547,2647088
1768038860,548,2647112
1768038860,549,2646548
1768038860,550,2645236
1768038860,551,2645712
1768038860,552,2645736
1768038861,553,2645244
1768038861,554,2645336
1768038861,555,2645676
1768038861,556,2645268
1768038861,557,2645152
1768038861,558,2645452
1768038862,559,2644580
1768038862,560,2644596
1768038862,561,2644664
1768038862,562,2644904
1768038862,563,2644068
1768038862,564,2643776
1768038863,565,2644084
1768038863,566,2644092
1768038863,567,2644176
1768038863,568,2644160
1768038863,569,2643200
1768038863,570,2643400
1768038863,571,2644164
1768038864,572,2643760
1768038864,573,2643196
1768038864,574,2643020
1768038864,575,2642952
1768038864,576,2642368
1768038864,577,2642048
1768038865,578,2642780
1768038865,579,2642508
1768038865,580,2642364
1768038865,581,2642596
1768038865,582,2642720
1768038865,583,2643088
1768038866,584,2642816
1768038866,585,2642436
1768038866,586,2643264
1768038866,587,2643320
1768038866,588,2643432
1768038866,589,2643756
1768038866,590,2643996
1768038867,591,2644148
1768038867,592,2644072
1768038867,593,2644032
1768038867,594,2643964
1768038867,595,2644652
1768038868,596,2644924
1768038868,597,2644580
1768038868,598,2645700
1768038868,599,2645668
1768038868,600,2645780
1768038868,601,2645596
1768038869,602,2645240
1768038869,603,2645084
1768038869,604,2645284
1768038869,605,2644528
1768038869,606,2644328
1768038869,607,2644472
1768038869,608,2644468
1768038869,609,2644456
1768038870,610,2644740
1768038870,611,2644612
1768038870,612,2644404
1768038870,613,2643832
1768038870,614,2643464
1768038870,615,2643372
1768038871,616,2643576
1768038871,617,2643296
1768038871,618,2643240
1768038871,619,2643352
1768038871,620,2643240
1768038871,621,2642568
1768038871,622,2642884
1768038871,623,2642792
1768038872,624,2642728
1768038872,625,2643024
1768038872,626,2642708
1768038872,627,2642552
1768038872,628,2641588
1768038872,629,2641932
1768038872,630,2641244
1768038873,631,2641004
1768038873,632,2640924
1768038873,633,2640680
1768038873,634,2641396
1768038873,635,2641312
1768038873,636,2640860
1768038873,637,2640664
1768038874,638,2640860
1768038874,639,2640512
1768038874,640,2640740
1768038874,641,2640408
1768038874,642,2640300
1768038874,643,2640104
1768038874,644,2639940
1768038875,645,2639208
1768038875,646,2639048
1768038875,647,2639256
1768038875,648,2638496
1768038875,649,2638172
1768038875,650,2638672
1768038876,651,2638780
1768038876,652,2638648
1768038876,653,2639168
1768038876,654,2638936
1768038876,655,2639212
1768038876,656,2639380
1768038877,657,2639424
1768038877,658,2639180
1768038877,659,2639220
1768038877,660,2638852
1768038877,661,2638452
1768038877,662,2638144
1768038877,663,2638436
1768038877,664,2638896
1768038877,665,2639096
1768038878,666,2639040
1768038878,667,2639328
1768038878,668,2640004
1768038878,669,2639724
1768038879,670,2640220
1768038879,671,2640340
1768038879,672,2640316
1768038879,673,2640720
1768038879,674,2640368
1768038880,675,2640536
1768038880,676,2640532
1768038880,677,2640476
1768038880,678,2640596
1768038880,679,2641768
1768038880,680,2642756
1768038881,681,2642560
1768038881,682,2643056
1768038881,683,2643112
1768038881,684,2642744
1768038881,685,2642768
1768038882,686,2644364
1768038882,687,2644448
1768038882,688,2644268
1768038882,689,2644576
1768038882,690,2645112
1768038882,691,2645116
1768038883,692,2645324
1768038883,693,2645356
1768038883,694,2645436
1768038883,695,2646256
1768038883,696,2646560
1768038884,697,2646268
1768038884,698,2646692
1768038884,699,2646724
1768038884,700,2646436
1768038884,701,2646188
1768038884,702,2646748
1768038885,703,2646096
1768038885,704,2646084
1768038885,705,2646068
1768038885,706,2645940
1768038885,707,2645924
1768038885,708,2646068
1768038886,709,2646580
1768038886,710,2646904
1768038886,711,2647136
1768038886,712,2647256
1768038886,713,2647540
1768038886,714,2647212
1768038887,715,2647356
1768038887,716,2647036
1768038887,717,2646832
1768038887,718,2646564
1768038887,719,2646260
1768038887,720,2646140
1768038888,721,2646304
1768038888,722,2646184
1768038888,723,2645528
1768038888,724,2645436
1768038888,725,2645320
1768038888,726,2645392
1768038888,727,2645920
1768038889,728,2646148
1768038889,729,2644788
1768038889,730,2643932
1768038889,731,2643936
1768038889,732,2644276
1768038889,733,2644160
1768038890,734,2644000
1768038890,735,2644408
1768038890,736,2642532
1768038890,737,2642488
1768038890,738,2642208
1768038890,739,2642424
1768038891,740,2641576
1768038891,741,2641300
1768038891,742,2641672
1768038891,743,2641804
1768038891,744,2641424
1768038891,745,2641232
1768038891,746,2640328
1768038892,747,2640624
1768038892,748,2639920
1768038892,749,2640132
1768038892,750,2640668
1768038892,751,2640712
1768038893,752,2640748
1768038893,753,2640612
1768038893,754,2640644
1768038893,755,2640924
1768038893,756,2640928
1768038893,757,2640352
1768038894,758,2641104
1768038894,759,2640504
1768038894,760,2640568
1768038894,761,2640612
1768038894,762,2640624
1768038894,763,2640312
1768038894,764,2640288
1768038894,765,2639836
1768038895,766,2640204
1768038895,767,2639812
1768038895,768,2639492
1768038895,769,2640068
1768038895,770,2639760
1768038896,771,2640060
1768038896,772,2640008
1768038896,773,2640048
1768038896,774,2640048
1768038896,775,2640308
1768038896,776,2640360
1768038896,777,2639800
1768038897,778,2639908
1768038897,779,2639784
1768038897,780,2640028
1768038897,781,2640000
1768038897,782,2639468
1768038897,783,2639148
1768038897,784,2639348
1768038898,785,2639232
1768038898,786,2639124
1768038898,787,2639140
1768038898,788,2638892
1768038898,789,2638488
1768038898,790,2638860
1768038898,791,2639176
1768038899,792,2638804
1768038899,793,2638612
1768038899,794,2639064
1768038899,795,2639404
1768038899,796,2639464
1768038899,797,2639552
1768038899,798,2639572
1768038900,799,2639360
1768038900,800,2638652
1768038900,801,2638476
1768038900,802,2638388
1768038900,803,2638640
1768038900,804,2638728
1768038901,805,2638272
1768038901,806,2638372
1768038901,807,2638676
1768038901,808,2637448
1768038901,809,2638132
1768038901,810,2637736
1768038901,811,2637752
1768038902,812,2637992
1768038902,813,2637836
1768038902,814,2637912
1768038902,815,2638288
1768038902,816,2638348
1768038902,817,2638440
1768038903,818,2638624
1768038903,819,2638576
1768038903,820,2638808
1768038903,821,2638504
1768038903,822,2638524
1768038903,823,2638304
1768038903,824,2638444
1768038904,825,2638144
1768038904,826,2638040
1768038904,827,2638268
1768038904,828,2637860
1768038904,829,2637944
1768038904,830,2637672
1768038904,831,2637728
1768038904,832,2637644
1768038905,833,2638008
1768038905,834,2637808
1768038905,835,2638044
1768038905,836,2637976
1768038905,837,2637732
1768038905,838,2638804
1768038905,839,2638532
1768038906,840,2638272
1768038906,841,2638124
1768038906,842,2637456
1768038906,843,2637360
1768038906,844,2637604
1768038906,845,2636932
1768038906,846,2637036
1768038907,847,2637556
1768038907,848,2637204
1768038907,849,2637392
1768038907,850,2637480
1768038907,851,2637728
1768038907,852,2637888
1768038907,853,2637212
1768038907,854,2637048
1768038908,855,2637160
1768038908,856,2637076
1768038908,857,2636936
1768038908,858,2637340
1768038908,859,2636996
1768038908,860,2637196
1768038908,861,2636736
1768038909,862,2636812
1768038909,863,2636540
1768038909,864,2636624
1768038909,865,2636280
1768038909,866,2636176
1768038909,867,2635868
1768038909,868,2636184
1768038910,869,2635900
1768038910,870,2635760
1768038910,871,2636504
1768038910,872,2636676
1768038910,873,2637092
1768038910,874,2636968
1768038911,875,2637696
1768038911,876,2638048
1768038911,877,2638404
1768038911,878,2638580
1768038911,879,2637984
1768038912,880,2639440
1768038912,881,2639124
1768038912,882,2639144
1768038912,883,2638856
1768038912,884,2638912
1768038912,885,2638632
1768038913,886,2639092
1768038913,887,2639348
1768038913,888,2639644
1768038913,889,2640296
1768038914,890,2640868
1768038914,891,2642628
1768038914,892,2642920
1768038915,893,2645040
1768038916,894,2647244
1768038916,895,2646948
1768038916,896,2646996
1768038917,897,2648888
1768038917,898,2651228
1768038918,899,2650908
1768038919,900,2653156
1768038919,901,2652956
1768038919,902,2652496
1768038920,903,2654064
1768038920,904,2654032
1768038920,905,2654252
1768038920,906,2654124
1768038920,907,2654216
1768038920,908,2654396
1768038921,909,2654312
1768038921,910,2653996
1768038921,911,2653516
1768038921,912,2653664
1768038921,913,2653660
1768038921,914,2653952
1768038922,915,2654108
1768038922,916,2653712
1768038922,917,2653792
1768038922,918,2653328
1768038922,919,2653628
1768038922,920,2653688
1768038922,921,2652708
1768038923,922,2652696
1768038923,923,2652584
1768038923,924,2652436
1768038923,925,2651384
1768038923,926,2650776
1768038924,927,2650088
1768038924,928,2649928
1768038924,929,2650092
1768038924,930,2648516
1768038925,931,2648764
1768038925,932,2648856
1768038925,933,2648556
1768038925,934,2649460
1768038926,935,2650320
1768038926,936,2650144
1768038926,937,2650492
1768038927,938,2649544
1768038927,939,2649008
1768038927,940,2648028
1768038927,941,2646352
1768038927,942,2646592
1768038928,943,2644072
1768038928,944,2641920
1768038928,945,2641864
1768038928,946,2642024
1768038928,947,2639464
1768038928,948,2637160
1768038928,949,2637436
1768038929,950,2634764
1768038929,951,2634832
1768038929,952,2634584
1768038929,953,2633036
1768038929,954,2633312
1768038929,955,2633396
1768038929,956,2633492
1768038929,957,2633296
1768038929,958,2632376
1768038930,959,2633300
1768038930,960,2633496
1768038930,961,2633944
1768038930,962,2633744
1768038930,963,2633668
1768038930,964,2633152
1768038931,965,2633140
1768038931,966,2633112
1768038931,967,2633248
1768038931,968,2633528
1768038931,969,2633160
1768038931,970,2632784
1768038931,971,2632908
1768038931,972,2632828
1768038932,973,2632728
1768038932,974,2633044
1768038932,975,2632660
1768038932,976,2632780
1768038932,977,2632700
1768038932,978,2632708
1768038932,979,2633120
1768038932,980,2633008
1768038933,981,2633080
1768038933,982,2633140
1768038933,983,2633352
1768038933,984,2632112
1768038933,985,2631328
1768038933,986,2630936
1768038933,987,2630560
1768038933,988,2630088
1768038933,989,2630088
1768038933,990,2629976
1768038934,991,2629768
1768038934,992,2629420
1768038934,993,2629280
1768038934,994,2628880
1768038934,995,2628900
1768038934,996,2628524
1768038934,997,2628452
1768038934,998,2628484
1768038934,999,2627960
1768038934,1000,2628280
1768038934,1001,2627924
1768038935,1002,2628020
1768038935,1003,2627832
1768038935,1004,2627368
1768038935,1005,2627488
1768038935,1006,2628452
1768038935,1007,2628308
1768038935,1008,2628584
1768038936,1009,2627392
1768038936,1010,2627480
1768038936,1011,2627396
1768038936,1012,2627176
1768038936,1013,2627504
1768038936,1014,2627724
1768038936,1015,2627744
1768038937,1016,2628504
1768038937,1017,2628560
1768038937,1018,2627588
1768038937,1019,2627420
1768038937,1020,2627660
1768038937,1021,2627524
1768038937,1022,2627512
1768038937,1023,2627396
1768038938,1024,2626700
1768038938,1025,2627120
1768038938,1026,2628412
1768038938,1027,2628748
1768038938,1028,2628992
1768038938,1029,2628832
1768038939,1030,2628848
1768038939,1031,2628732
1768038939,1032,2628744
1768038939,1033,2628820
1768038939,1034,2628788
1768038939,1035,2628792
1768038939,1036,2629112
1768038939,1037,2629176
1768038940,1038,2629360
1768038940,1039,2630028
1768038940,1040,2629988
1768038940,1041,2630256
1768038940,1042,2630228
1768038940,1043,2630568
1768038940,1044,2630272
1768038941,1045,2630624
1768038941,1046,2631096
1768038941,1047,2631248
1768038941,1048,2631160
1768038941,1049,2631288
1768038941,1050,2631780
1768038941,1051,2632308
1768038941,1052,2632252
1768038942,1053,2632688
1768038942,1054,2633424
1768038942,1055,2633316
1768038942,1056,2632960
1768038942,1057,2633128
1768038942,1058,2633168
1768038943,1059,2633484
1768038943,1060,2633404
1768038943,1061,2633368
1768038943,1062,2633872
1768038943,1063,2633816
1768038943,1064,2633784
1768038944,1065,2634392
1768038944,1066,2633712
1768038944,1067,2633432
1768038944,1068,2633852
1768038944,1069,2633784
1768038944,1070,2634548
1768038944,1071,2634524
1768038945,1072,2634792
1768038945,1073,2635232
1768038945,1074,2635740
1768038945,1075,2635520
1768038945,1076,2633580
1768038945,1077,2633096
1768038945,1078,2632824
1768038946,1079,2633556
1768038946,1080,2633448
1768038946,1081,2633316
1768038946,1082,2633796
1768038946,1083,2634000
1768038946,1084,2633708
1768038946,1085,2633472
1768038947,1086,2633508
1768038947,1087,2633476
1768038947,1088,2633564
1768038947,1089,2633264
1768038947,1090,2633648
1768038947,1091,2633048
1768038947,1092,2633332
1768038948,1093,2633344
1768038948,1094,2633584
1768038948,1095,2633360
1768038948,1096,2633436
1768038948,1097,2633620
1768038949,1098,2633800
1768038949,1099,2633780
1768038949,1100,2633472
1768038949,1101,2633000
1768038949,1102,2633404
1768038949,1103,2633452
1768038949,1104,2633036
1768038950,1105,2633488
1768038950,1106,2632708
1768038950,1107,2632708
1768038950,1108,2632616
1768038950,1109,2632060
1768038950,1110,2632000
1768038950,1111,2632152
1768038951,1112,2632012
1768038951,1113,2632356
1768038951,1114,2632064
1768038951,1115,2631248
1768038951,1116,2631464
1768038951,1117,2632096
1768038951,1118,2631752
1768038952,1119,2631808
1768038952,1120,2632184
1768038952,1121,2632172
1768038952,1122,2631552
1768038952,1123,2630880
1768038952,1124,2629916
1768038952,1125,2629724
1768038953,1126,2630128
1768038953,1127,2630036
1768038953,1128,2630228
1768038953,1129,2629676
1768038953,1130,2631932
1768038953,1131,2632032
1768038954,1132,2631604
1768038954,1133,2631188
1768038954,1134,2631492
1768038954,1135,2631556
1768038954,1136,2631744
1768038954,1137,2631600
1768038954,1138,2631800
1768038954,1139,2631412
1768038955,1140,2631964
1768038955,1141,2631856
1768038955,1142,2631804
1768038955,1143,2631680
1768038955,1144,2631520
1768038955,1145,2632052
1768038956,1146,2631784
1768038956,1147,2631408
1768038956,1148,2631260
1768038956,1149,2631236
1768038956,1150,2631276
1768038956,1151,2631316
1768038956,1152,2631228
1768038957,1153,2631312
1768038957,1154,2631004
1768038957,1155,2630804
1768038957,1156,2630896
1768038957,1157,2630864
1768038957,1158,2630968
1768038957,1159,2631300
1768038957,1160,2631760
1768038958,1161,2631320
1768038958,1162,2631084
1768038958,1163,2630560
1768038958,1164,2631560
1768038958,1165,2631716
1768038958,1166,2631592
1768038959,1167,2631572
1768038959,1168,2631624
1768038959,1169,2631776
1768038959,1170,2630828
1768038959,1171,2631316
1768038959,1172,2631128
1768038959,1173,2631764
1768038959,1174,2631512
1768038960,1175,2631772
1768038960,1176,2631928
1768038960,1177,2632392
1768038960,1178,2632060
1768038960,1179,2631944
1768038960,1180,2630720
1768038961,1181,2630908
1768038961,1182,2630848
1768038961,1183,2630908
1768038961,1184,2631320
1768038961,1185,2631284
1768038961,1186,2631116
1768038961,1187,2631288
1768038962,1188,2631556
1768038962,1189,2631708
1768038962,1190,2630512
1768038962,1191,2631008
1768038962,1192,2631788
1768038962,1193,2631772
1768038962,1194,2631984
1768038963,1195,2632092
1768038963,1196,2632244
1768038963,1197,2632384
1768038963,1198,2632300
1768038963,1199,2632660
1768038963,1200,2632816
1768038964,1201,2632924
1768038964,1202,2632828
1768038964,1203,2632212
1768038964,1204,2632048
1768038964,1205,2631784
1768038964,1206,2632236
1768038964,1207,2632424
1768038964,1208,2632512
1768038965,1209,2632228
1768038965,1210,2632296
1768038965,1211,2632480
1768038965,1212,2632440
1768038965,1213,2632556
1768038965,1214,2631200
1768038965,1215,2631468
1768038965,1216,2631456
1768038966,1217,2631056
1768038966,1218,2630960
1768038966,1219,2630808
1768038966,1220,2631388
1768038966,1221,2632080
1768038966,1222,2632612
1768038967,1223,2632024
1768038967,1224,2632000
1768038967,1225,2631852
1768038967,1226,2631396
1768038967,1227,2631508
1768038967,1228,2631592
1768038967,1229,2631180
1768038967,1230,2630984
1768038968,1231,2630760
1768038968,1232,2631108
1768038968,1233,2631076
1768038968,1234,2630500
1768038968,1235,2630360
1768038968,1236,2630592
1768038968,1237,2630340
1768038968,1238,2630016
1768038969,1239,2630404
1768038969,1240,2630364
1768038969,1241,2630600
1768038969,1242,2630048
1768038969,1243,2629900
1768038969,1244,2629732
1768038969,1245,2629112
1768038970,1246,2628756
1768038970,1247,2628940
1768038970,1248,2629388
1768038970,1249,2628984
1768038970,1250,2628592
1768038970,1251,2628700
1768038970,1252,2628624
1768038970,1253,2628640
1768038971,1254,2628836
1768038971,1255,2629244
1768038971,1256,2628624
1768038971,1257,2629020
1768038971,1258,2629272
1768038971,1259,2628808
1768038971,1260,2628212
1768038971,1261,2627792
1768038972,1262,2627940
1768038972,1263,2627684
1768038972,1264,2627304
1768038972,1265,2627368
1768038972,1266,2627628
1768038972,1267,2627656
1768038972,1268,2628032
1768038972,1269,2627812
1768038972,1270,2627156
1768038973,1271,2626552
1768038973,1272,2626668
1768038973,1273,2626532
1768038973,1274,2626772
1768038973,1275,2626588
1768038973,1276,2626324
1768038973,1277,2625764
1768038974,1278,2626336
1768038974,1279,2626596
1768038974,1280,2626704
1768038974,1281,2626788
1768038974,1282,2626640
1768038974,1283,2626712
1768038974,1284,2627124
1768038974,1285,2627360
1768038975,1286,2627728
1768038975,1287,2627864
1768038975,1288,2627932
1768038975,1289,2627672
1768038975,1290,2628512
1768038975,1291,2628292
1768038976,1292,2628296
1768038976,1293,2628692
1768038976,1294,2628744
1768038976,1295,2628772
1768038976,1296,2629508
1768038976,1297,2629260
1768038976,1298,2629020
1768038977,1299,2629028
1768038977,1300,2629100
1768038977,1301,2628960
1768038977,1302,2629160
1768038977,1303,2628656
1768038977,1304,2629248
1768038978,1305,2630344
1768038978,1306,2630368
1768038978,1307,2630324
1768038978,1308,2629916
1768038978,1309,2630264
1768038979,1310,2631584
1768038979,1311,2632592
1768038979,1312,2632448
1768038979,1313,2633860
1768038979,1314,2633836
1768038980,1315,2634040
1768038980,1316,2633844
1768038980,1317,2633972
1768038980,1318,2633396
1768038980,1319,2634168
1768038980,1320,2634652
1768038980,1321,2633840
1768038981,1322,2634092
1768038981,1323,2634924
1768038981,1324,2634536
1768038981,1325,2634916
1768038981,1326,2634868
1768038981,1327,2635740
1768038982,1328,2635448
1768038982,1329,2635644
1768038982,1330,2635788
1768038982,1331,2635872
1768038982,1332,2635988
1768038982,1333,2636376
1768038982,1334,2636180
1768038983,1335,2636756
1768038983,1336,2636204
1768038983,1337,2636104
1768038983,1338,2636460
1768038983,1339,2636376
1768038983,1340,2635644
1768038984,1341,2635852
1768038984,1342,2635632
1768038984,1343,2636312
1768038984,1344,2636448
1768038984,1345,2636312
1768038984,1346,2635948
1768038984,1347,2635944
1768038985,1348,2636216
1768038985,1349,2636136
1768038985,1350,2636896
1768038985,1351,2637032
1768038985,1352,2637092
1768038985,1353,2637404
1768038986,1354,2637056
1768038986,1355,2636120
1768038986,1356,2636068
1768038986,1357,2635952
1768038986,1358,2636392
1768038986,1359,2636020
1768038986,1360,2634504
1768038986,1361,2633568
1768038987,1362,2633636
1768038987,1363,2633148
1768038987,1364,2633544
1768038987,1365,2633000
1768038987,1366,2633028
1768038987,1367,2632432
1768038988,1368,2632704
1768038988,1369,2632172
1768038988,1370,2632144
1768038988,1371,2632780
1768038988,1372,2632516
1768038989,1373,2632208
1768038989,1374,2632156
1768038989,1375,2632076
1768038989,1376,2632248
1768038989,1377,2632052
1768038989,1378,2632160
1768038989,1379,2631688
1768038990,1380,2631660
1768038990,1381,2631964
1768038990,1382,2631712
1768038990,1383,2631584
1768038990,1384,2631796
1768038990,1385,2630984
1768038990,1386,2630796
1768038991,1387,2631552
1768038991,1388,2631072
1768038991,1389,2631192
1768038991,1390,2631396
1768038991,1391,2630664
1768038991,1392,2630288
1768038992,1393,2630380
1768038992,1394,2630188
1768038992,1395,2631008
1768038992,1396,2630996
1768038992,1397,2631864
1768038992,1398,2631664
1768038993,1399,2632240
1768038993,1400,2631592
1768038993,1401,2631756
1768038993,1402,2632096
1768038993,1403,2632076
1768038994,1404,2632512
1768038994,1405,2631920
1768038994,1406,2631976
1768038994,1407,2633624
1768038994,1408,2633396
1768038994,1409,2633304
1768038995,1410,2634776
1768038995,1411,2635108
1768038995,1412,2634860
1768038995,1413,2634304
1768038995,1414,2634384
1768038995,1415,2634592
1768038996,1416,2634864
1768038996,1417,2635468
1768038996,1418,2635092
1768038996,1419,2634940
1768038996,1420,2635536
1768038996,1421,2635572
1768038997,1422,2635008
1768038997,1423,2635156
1768038997,1424,2635648
1768038997,1425,2635448
1768038997,1426,2635344
1768038997,1427,2634748
1768038998,1428,2635464
1768038998,1429,2635320
1768038998,1430,2635180
1768038998,1431,2634872
1768038998,1432,2635004
1768038998,1433,2635728
1768038998,1434,2635680
1768038999,1435,2635676
1768038999,1436,2635868
1768038999,1437,2635688
1768038999,1438,2635688
1768038999,1439,2635876
1768039000,1440,2636704
1768039000,1441,2636984
1768039000,1442,2637336
1768039000,1443,2636416
1768039000,1444,2636704
1768039000,1445,2635748
1768039000,1446,2635848
1768039001,1447,2634972
1768039001,1448,2635112
1768039001,1449,2635396
1768039001,1450,2635224
1768039001,1451,2635124
1768039002,1452,2634944
1768039002,1453,2635208
1768039002,1454,2634708
1768039002,1455,2634700
1768039002,1456,2634984
1768039002,1457,2633664
1768039003,1458,2633852
1768039003,1459,2633884
1768039003,1460,2632872
1768039003,1461,2632332
1768039003,1462,2633520
1768039003,1463,2633436
1768039004,1464,2633444
1768039004,1465,2633520
1768039004,1466,2633840
1768039004,1467,2633520
1768039004,1468,2634188
1768039004,1469,2634644
1768039005,1470,2634160
1768039005,1471,2633716
1768039005,1472,2634184
1768039005,1473,2634272
1768039005,1474,2633604
1768039005,1475,2633316
1768039006,1476,2633680
1768039006,1477,2634068
1768039006,1478,2633176
1768039006,1479,2634348
1768039006,1480,2634316
1768039006,1481,2634516
1768039007,1482,2634392
1768039007,1483,2633536
1768039007,1484,2633496
1768039007,1485,2633192
1768039007,1486,2633080
1768039007,1487,2633344
1768039007,1488,2633108
1768039007,1489,2633168
1768039008,1490,2632252
1768039008,1491,2631636
1768039008,1492,2631580
1768039008,1493,2631588
1768039008,1494,2631524
1768039008,1495,2631504
1768039008,1496,2631140
1768039008,1497,2631736
1768039009,1498,2632420
1768039009,1499,2631628
1768039009,1500,2631616
1768039009,1501,2631080
1768039009,1502,2631284
1768039009,1503,2630520
1768039010,1504,2630676
1768039010,1505,2630596
1768039010,1506,2630192
1768039010,1507,2630000
1768039010,1508,2629936
1768039010,1509,2629808
1768039010,1510,2629572
1768039011,1511,2630576
1768039011,1512,2629612
1768039011,1513,2628964
1768039011,1514,2628744
1768039011,1515,2628672
1768039011,1516,2628680
1768039011,1517,2628852
1768039011,1518,2628228
1768039012,1519,2628096
1768039012,1520,2627792
1768039012,1521,2627524
1768039012,1522,2627572
1768039012,1523,2627252
1768039012,1524,2627212
1768039012,1525,2627444
1768039012,1526,2626880
1768039013,1527,2627016
1768039013,1528,2626952
1768039013,1529,2625892
1768039013,1530,2626540
1768039013,1531,2626008
1768039013,1532,2626460
1768039013,1533,2626292
1768039014,1534,2626492
1768039014,1535,2627036
1768039014,1536,2627256
1768039014,1537,2626928
1768039014,1538,2627500
1768039014,1539,2627116
1768039014,1540,2627032
1768039015,1541,2627292
1768039015,1542,2627304
1768039015,1543,2627048
1768039015,1544,2626932
1768039015,1545,2627060
1768039015,1546,2627276
1768039015,1547,2627292
1768039015,1548,2625960
1768039016,1549,2626240
1768039016,1550,2626388
1768039016,1551,2626180
1768039016,1552,2626252
1768039016,1553,2626528
1768039016,1554,2626372
1768039017,1555,2627088
1768039017,1556,2626784
1768039017,1557,2626888
1768039017,1558,2626796
1768039017,1559,2626872
1768039017,1560,2626884
1768039017,1561,2626136
1768039017,1562,2626216
1768039018,1563,2626728
1768039018,1564,2627044
1768039018,1565,2626968
1768039018,1566,2627116
1768039018,1567,2627316
1768039018,1568,2627332
1768039019,1569,2627116
1768039019,1570,2627620
1768039019,1571,2628508
1768039019,1572,2628180
1768039019,1573,2627880
1768039019,1574,2627820
1768039020,1575,2627840
1768039020,1576,2628244
1768039020,1577,2627940
1768039020,1578,2627976
1768039020,1579,2628224
1768039020,1580,2627784
1768039020,1581,2627812
1768039021,1582,2627424
1768039021,1583,2627832
1768039021,1584,2627980
1768039021,1585,2627436
1768039021,1586,2627320
1768039021,1587,2626868
1768039021,1588,2626360
1768039021,1589,2626700
1768039022,1590,2626544
1768039022,1591,2627000
1768039022,1592,2626980
1768039022,1593,2627540
1768039022,1594,2627364
1768039022,1595,2627460
1768039023,1596,2627692
1768039023,1597,2627444
1768039023,1598,2627784
1768039023,1599,2627844
1768039023,1600,2629344
1768039024,1601,2629636
1768039024,1602,2629100
1768039024,1603,2629192
1768039024,1604,2629180
1768039024,1605,2628284
1768039024,1606,2629272
1768039024,1607,2629012
1768039025,1608,2629148
1768039025,1609,2630316
1768039025,1610,2630308
1768039025,1611,2630416
1768039025,1612,2630956
1768039025,1613,2630552
1768039026,1614,2630616
1768039026,1615,2630248
1768039026,1616,2630040
1768039026,1617,2629572
1768039026,1618,2630388
1768039026,1619,2630556
1768039027,1620,2630456
1768039027,1621,2629964
1768039027,1622,2629908
1768039027,1623,2630156
1768039027,1624,2629920
1768039027,1625,2630496
1768039028,1626,2630356
1768039028,1627,2630216
1768039028,1628,2630136
1768039028,1629,2630480
1768039028,1630,2629664
1768039028,1631,2630160
1768039028,1632,2629904
1768039028,1633,2630080
1768039029,1634,2630036
1768039029,1635,2630188
1768039029,1636,2630084
1768039029,1637,2630436
1768039029,1638,2630884
1768039030,1639,2631128
1768039030,1640,2631132
1768039030,1641,2631016
1768039030,1642,2630744
1768039030,1643,2630588
1768039030,1644,2631188
1768039030,1645,2631344
1768039030,1646,2630984
1768039031,1647,2631480
1768039031,1648,2632856
1768039031,1649,2632848
1768039031,1650,2631152
1768039032,1651,2631520
1768039032,1652,2631856
1768039032,1653,2631572
1768039032,1654,2631808
1768039032,1655,2632000
1768039032,1656,2631416
1768039032,1657,2631672
1768039033,1658,2632864
1768039033,1659,2631884
1768039033,1660,2631796
1768039033,1661,2632380
1768039033,1662,2631792
1768039034,1663,2632168
1768039034,1664,2632100
1768039034,1665,2633004
1768039034,1666,2632876
1768039034,1667,2633572
1768039034,1668,2632592
1768039035,1669,2632828
1768039035,1670,2632660
1768039035,1671,2632848
1768039035,1672,2632960
1768039035,1673,2632720
1768039035,1674,2632448
1768039035,1675,2632048
1768039036,1676,2632700
1768039036,1677,2633108
1768039036,1678,2633512
1768039036,1679,2633476
1768039036,1680,2633888
1768039037,1681,2633896
1768039037,1682,2634724
1768039037,1683,2634508
1768039037,1684,2634392
1768039037,1685,2634028
1768039037,1686,2634624
1768039038,1687,2634480
1768039038,1688,2634100
1768039038,1689,2633136
1768039038,1690,2633900
1768039038,1691,2633436
1768039038,1692,2633660
1768039038,1693,2633276
1768039038,1694,2632932
1768039039,1695,2633020
1768039039,1696,2633492
1768039039,1697,2632404
1768039039,1698,2631540
1768039039,1699,2631840
1768039039,1700,2631396
1768039040,1701,2631104
1768039040,1702,2630876
1768039040,1703,2630720
1768039040,1704,2630872
1768039040,1705,2631112
1768039040,1706,2631012
1768039040,1707,2630452
1768039040,1708,2629312
1768039041,1709,2629236
1768039041,1710,2629396
1768039041,1711,2629552
1768039041,1712,2629328
1768039041,1713,2629076
1768039041,1714,2628808
1768039041,1715,2628116
1768039042,1716,2627880
1768039042,1717,2627076
1768039042,1718,2627964
1768039042,1719,2627564
1768039042,1720,2628028
1768039042,1721,2627488
1768039043,1722,2628008
1768039043,1723,2628584
1768039043,1724,2628868
1768039043,1725,2628376
1768039043,1726,2628064
1768039043,1727,2627552
1768039044,1728,2628748
1768039044,1729,2628288
1768039044,1730,2628524
1768039044,1731,2628316
1768039044,1732,2627308
1768039044,1733,2627112
1768039045,1734,2627100
1768039045,1735,2627428
1768039045,1736,2626896
1768039045,1737,2626840
1768039045,1738,2627520
1768039045,1739,2628108
1768039045,1740,2627124
1768039046,1741,2627280
1768039046,1742,2627448
1768039046,1743,2627656
1768039046,1744,2627644
1768039046,1745,2627464
1768039046,1746,2627876
1768039047,1747,2628264
1768039047,1748,2627168
1768039047,1749,2627296
1768039047,1750,2627384
1768039047,1751,2627436
1768039047,1752,2627484
1768039047,1753,2627912
1768039047,1754,2627332
1768039048,1755,2627756
1768039048,1756,2627816
1768039048,1757,2627940
1768039048,1758,2627568
1768039048,1759,2627808
1768039048,1760,2627380
1768039049,1761,2627528
1768039049,1762,2627868
1768039049,1763,2627872
1768039049,1764,2628164
1768039049,1765,2628288
1768039049,1766,2628360
1768039049,1767,2628368
1768039050,1768,2627648
1768039050,1769,2627992
1768039050,1770,2627216
1768039050,1771,2627872
1768039050,1772,2627532
1768039050,1773,2626948
1768039050,1774,2626788
1768039051,1775,2627576
1768039051,1776,2627444
1768039051,1777,2627564
1768039051,1778,2626520
1768039051,1779,2626528
1768039051,1780,2626032
1768039051,1781,2626080
1768039051,1782,2626016
1768039052,1783,2626164
1768039052,1784,2626008
1768039052,1785,2626772
1768039052,1786,2627044
1768039052,1787,2626552
1768039052,1788,2625472
1768039052,1789,2625812
1768039053,1790,2627032
1768039053,1791,2627172
1768039053,1792,2626556
1768039053,1793,2626892
1768039053,1794,2627028
1768039053,1795,2626952
1768039054,1796,2626616
1768039054,1797,2626344
1768039054,1798,2626580
1768039054,1799,2626764
1768039054,1800,2626848
1768039054,1801,2626508
1768039054,1802,2626432
1768039054,1803,2625928
1768039054,1804,2626240
1768039055,1805,2625476
1768039055,1806,2625152
1768039055,1807,2625060
1768039055,1808,2625072
1768039055,1809,2624848
1768039055,1810,2625732
1768039055,1811,2624384
1768039055,1812,2623940
1768039055,1813,2624068
1768039056,1814,2623900
1768039056,1815,2623812
1768039056,1816,2623848
1768039056,1817,2624028
1768039056,1818,2624420
1768039056,1819,2624200
1768039056,1820,2624300
1768039056,1821,2623580
1768039056,1822,2623596
1768039057,1823,2623448
1768039057,1824,2623472
1768039057,1825,2623124
1768039057,1826,2623040
1768039057,1827,2623744
1768039057,1828,2624088
1768039058,1829,2625016
1768039058,1830,2624984
1768039058,1831,2625260
1768039058,1832,2625240
1768039058,1833,2625300
1768039058,1834,2625560
1768039058,1835,2624388
1768039058,1836,2624304
1768039058,1837,2624664
1768039059,1838,2624900
1768039059,1839,2624364
1768039059,1840,2623152
1768039059,1841,2623148
1768039059,1842,2623236
1768039059,1843,2622712
1768039059,1844,2622804
1768039059,1845,2623080
1768039059,1846,2622232
1768039060,1847,2622960
1768039060,1848,2623156
1768039060,1849,2623120
1768039060,1850,2622932
1768039060,1851,2623272
1768039060,1852,2623212
1768039061,1853,2623752
1768039061,1854,2623908
1768039061,1855,2624008
1768039061,1856,2624596
1768039061,1857,2624668
1768039061,1858,2624744
1768039061,1859,2624612
1768039061,1860,2624032
1768039061,1861,2624180
1768039062,1862,2624460
1768039062,1863,2625032
1768039062,1864,2625028
1768039062,1865,2625496
1768039062,1866,2625512
1768039063,1867,2625792
1768039063,1868,2625288
1768039063,1869,2625440
1768039063,1870,2625228
1768039063,1871,2624984
1768039063,1872,2625072
1768039063,1873,2624948
1768039063,1874,2624640
1768039063,1875,2624464
1768039063,1876,2624520
1768039064,1877,2624636
1768039064,1878,2624080
1768039064,1879,2623096
1768039064,1880,2622888
1768039064,1881,2623320
1768039064,1882,2623452
1768039064,1883,2623472
1768039064,1884,2623160
1768039065,1885,2623752
1768039065,1886,2623660
1768039065,1887,2623348
1768039065,1888,2623812
1768039065,1889,2623680
1768039065,1890,2624168
1768039065,1891,2624088
1768039065,1892,2624108
1768039066,1893,2624368
1768039066,1894,2624264
1768039066,1895,2623964
1768039066,1896,2624000
1768039066,1897,2623564
1768039066,1898,2624208
1768039066,1899,2623376
1768039066,1900,2623200
1768039067,1901,2624076
1768039067,1902,2624140
1768039067,1903,2623548
1768039067,1904,2623264
1768039067,1905,2623084
1768039067,1906,2622604
1768039067,1907,2622700
1768039067,1908,2622752
1768039068,1909,2623308
1768039068,1910,2622852
1768039068,1911,2622752
1768039068,1912,2622860
1768039068,1913,2623064
1768039068,1914,2623092
1768039068,1915,2622752
1768039069,1916,2623256
1768039069,1917,2623112
1768039069,1918,2623284
1768039069,1919,2622932
1768039069,1920,2623244
1768039069,1921,2623168
1768039069,1922,2623088
1768039069,1923,2623092
1768039069,1924,2623336
1768039070,1925,2623996
1768039070,1926,2623992
1768039070,1927,2623144
1768039070,1928,2623536
1768039070,1929,2623556
1768039071,1930,2624908
1768039071,1931,2624228
1768039071,1932,2624676
1768039071,1933,2624316
1768039071,1934,2624484
1768039071,1935,2624432
1768039071,1936,2624516
1768039072,1937,2625008
1768039072,1938,2624640
1768039072,1939,2624920
1768039072,1940,2624968
1768039072,1941,2624936
1768039072,1942,2625168
1768039073,1943,2625652
1768039073,1944,2625728
1768039073,1945,2625712
1768039073,1946,2625856
1768039073,1947,2626944
1768039073,1948,2626000
1768039073,1949,2626156
1768039074,1950,2626516
1768039074,1951,2625384
1768039074,1952,2625412
1768039074,1953,2625744
1768039074,1954,2626552
1768039074,1955,2626808
1768039074,1956,2626536
1768039074,1957,2626108
1768039075,1958,2625940
1768039075,1959,2626500
1768039075,1960,2626504
1768039075,1961,2626712
1768039075,1962,2626840
1768039075,1963,2626548
1768039076,1964,2626752
1768039076,1965,2626744
1768039076,1966,2626524
1768039076,1967,2626300
1768039076,1968,2626368
1768039076,1969,2626700
1768039076,1970,2626832
1768039076,1971,2627176
1768039077,1972,2626924
1768039077,1973,2626848
1768039077,1974,2626708
1768039077,1975,2626536
1768039077,1976,2626556
1768039077,1977,2626644
1768039077,1978,2626556
1768039077,1979,2626212
1768039078,1980,2625204
1768039078,1981,2625712
1768039078,1982,2625108
1768039078,1983,2625216
1768039078,1984,2625736
1768039078,1985,2625484
1768039078,1986,2625556
1768039078,1987,2625116
1768039079,1988,2625260
1768039079,1989,2625120
1768039079,1990,2625040
1768039079,1991,2625772
1768039079,1992,2625600
1768039079,1993,2624948
1768039079,1994,2624808
1768039080,1995,2624964
1768039080,1996,2625264
1768039080,1997,2624064
1768039080,1998,2624356
1768039080,1999,2624320
1768039080,2000,2624108
1768039080,2001,2624244
1768039081,2002,2624736
1768039081,2003,2624972
1768039081,2004,2624300
1768039081,2005,2624600
1768039081,2006,2624704
1768039081,2007,2625008
1768039081,2008,2625184
1768039082,2009,2624120
1768039082,2010,2624340
1768039082,2011,2624632
1768039082,2012,2624552
1768039082,2013,2623380
1768039082,2014,2623172
1768039082,2015,2623492
1768039082,2016,2623092
1768039083,2017,2623500
1768039083,2018,2623352
1768039083,2019,2623056
1768039083,2020,2622996
1768039083,2021,2622968
1768039083,2022,2622860
1768039083,2023,2622664
1768039084,2024,2623112
1768039084,2025,2623232
1768039084,2026,2622980
1768039084,2027,2622880
1768039084,2028,2623068
1768039084,2029,2623644
1768039084,2030,2623468
1768039084,2031,2623024
1768039085,2032,2623048
1768039085,2033,2622956
1768039085,2034,2622960
1768039085,2035,2623572
1768039085,2036,2623168
1768039085,2037,2623176
1768039085,2038,2623196
1768039086,2039,2623364
1768039086,2040,2623088
1768039086,2041,2622444
1768039086,2042,2623032
1768039086,2043,2622864
1768039086,2044,2622892
1768039086,2045,2622776
1768039086,2046,2622784
1768039086,2047,2622684
1768039087,2048,2622720
1768039087,2049,2623024
1768039087,2050,2623344
1768039087,2051,2623108
1768039087,2052,2623016
1768039087,2053,2622680
1768039087,2054,2622544
1768039088,2055,2622368
1768039088,2056,2621976
1768039088,2057,2621704
1768039088,2058,2621400
1768039088,2059,2621504
1768039088,2060,2621828
1768039088,2061,2621168
1768039088,2062,2621300
1768039088,2063,2621552
1768039089,2064,2621624
1768039089,2065,2621164
1768039089,2066,2621600
1768039089,2067,2621364
1768039089,2068,2621544
1768039089,2069,2621496
1768039090,2070,2621672
1768039090,2071,2621756
1768039090,2072,2622064
1768039090,2073,2621900
1768039090,2074,2621404
1768039090,2075,2621084
1768039090,2076,2621164
1768039090,2077,2621160
1768039090,2078,2621352
1768039091,2079,2621624
1768039091,2080,2621388
1768039091,2081,2621624
1768039091,2082,2622004
1768039091,2083,2622124
1768039091,2084,2621832
1768039091,2085,2621052
1768039092,2086,2620956
1768039092,2087,2621708
1768039092,2088,2621436
1768039092,2089,2621748
1768039092,2090,2621584
1768039092,2091,2621796
1768039092,2092,2621244
1768039092,2093,2621108
1768039092,2094,2621360
1768039093,2095,2621548
1768039093,2096,2621120
1768039093,2097,2621276
1768039093,2098,2621336
1768039093,2099,2620832
1768039093,2100,2621376
1768039093,2101,2621536
1768039093,2102,2621412
1768039094,2103,2621172
1768039094,2104,2621364
1768039094,2105,2621228
1768039094,2106,2622324
1768039094,2107,2622896
1768039094,2108,2622848
1768039095,2109,2623212
1768039095,2110,2623116
1768039095,2111,2623240
1768039095,2112,2623108
1768039095,2113,2623076
1768039095,2114,2622928
1768039095,2115,2623428
1768039096,2116,2623096
1768039096,2117,2623092
1768039096,2118,2623140
1768039096,2119,2622968
1768039096,2120,2622856
1768039096,2121,2622756
1768039096,2122,2622680
1768039096,2123,2622712
1768039097,2124,2623004
1768039097,2125,2623608
1768039097,2126,2623800
1768039097,2127,2623432
1768039097,2128,2623188
1768039097,2129,2622376
1768039097,2130,2622016
1768039098,2131,2622340
1768039098,2132,2621928
1768039098,2133,2622400
1768039098,2134,2622308
1768039098,2135,2622692
1768039098,2136,2622936
1768039099,2137,2622908
1768039099,2138,2623056
1768039099,2139,2623368
1768039099,2140,2623740
1768039099,2141,2623600
1768039100,2142,2624424
1768039100,2143,2624920
1768039100,2144,2625424
1768039100,2145,2625332
1768039100,2146,2625448
1768039101,2147,2626344
1768039101,2148,2626172
1768039101,2149,2626428
1768039101,2150,2625476
1768039101,2151,2626276
1768039101,2152,2626572
1768039102,2153,2626952
1768039102,2154,2626744
1768039102,2155,2626456
1768039102,2156,2626088
1768039102,2157,2625808
1768039102,2158,2626072
1768039102,2159,2625900
1768039102,2160,2625492
1768039103,2161,2625440
1768039103,2162,2625516
1768039103,2163,2624804
1768039103,2164,2624688
1768039103,2165,2624448
1768039103,2166,2624104
1768039103,2167,2624456
1768039103,2168,2624720
1768039104,2169,2624816
1768039104,2170,2624604
1768039104,2171,2624708
1768039104,2172,2625300
1768039104,2173,2625268
1768039104,2174,2625292
1768039105,2175,2624624
1768039105,2176,2624732
1768039105,2177,2624864
1768039105,2178,2624388
1768039105,2179,2624660
1768039105,2180,2624600
1768039105,2181,2623952
1768039105,2182,2624000
1768039105,2183,2623412
1768039105,2184,2623516
1768039106,2185,2623284
1768039106,2186,2623084
1768039106,2187,2622540
1768039106,2188,2622796
1768039106,2189,2622788
1768039106,2190,2622408
1768039106,2191,2622320
1768039107,2192,2621920
1768039107,2193,2621756
1768039107,2194,2621552
1768039107,2195,2621936
1768039107,2196,2621992
1768039107,2197,2621332
1768039108,2198,2621268
1768039108,2199,2621036
1768039108,2200,2621148
1768039108,2201,2620276
1768039108,2202,2619784
1768039108,2203,2619780
1768039108,2204,2620708
1768039108,2205,2620520
1768039109,2206,2620868
1768039109,2207,2620440
1768039109,2208,2620460
1768039109,2209,2620608
1768039109,2210,2621568
1768039110,2211,2621932
1768039110,2212,2621776
1768039110,2213,2621884
1768039110,2214,2622292
1768039110,2215,2622440
1768039110,2216,2622156
