unix_timestamp,block_number,num_txs,latency_micros
1768014241,1,0,6
1768014244,2,0,8
1768014247,3,0,10
1768014247,4,0,9
1768014247,5,0,9
1768014247,6,0,9
1768014248,7,0,9
1768014248,8,0,9
1768014248,9,0,9
1768014248,10,0,9
1768014249,11,0,11
1768014249,12,0,8
1768014249,13,0,9
1768014250,14,0,10
1768014250,15,0,8
1768014250,16,0,8
1768014251,17,0,8
1768014251,18,0,9
1768014251,19,0,9
1768014251,20,0,9
1768014252,21,0,9
1768014252,22,0,13
1768014252,23,0,8
1768014253,24,0,8
1768014253,25,0,8
1768014253,26,0,8
1768014254,27,0,8
1768014254,28,0,9
1768014254,29,0,9
1768014255,30,0,10
1768014255,31,0,10
1768014255,32,0,10
1768014256,33,0,9
1768014256,34,0,13
1768014257,35,0,10
1768014257,36,0,12
1768014258,37,0,9
1768014258,38,0,12
1768014259,39,0,10
1768014259,40,0,11
1768014259,41,0,11
1768014260,42,0,10
1768014260,43,0,9
1768014261,44,0,20
1768014261,45,0,8
1768014261,46,0,8
1768014262,47,0,9
1768014262,48,0,15
1768014260,49,0,9
1768014261,50,0,8
1768014261,51,0,22
1768014261,52,0,7
1768014262,53,0,8
1768014262,54,0,8
1768014263,55,0,10
1768014263,56,0,8
1768014263,57,0,8
1768014264,58,0,8
1768014264,59,0,9
1768014264,60,0,9
1768014265,61,0,10
1768014265,62,0,9
1768014266,63,0,8
1768014266,64,0,8
1768014266,65,0,8
1768014266,66,0,6
1768014267,67,0,7
1768014267,68,0,6
1768014268,69,0,7
1768014268,70,0,7
1768014268,71,0,7
1768014269,72,0,9
1768014269,73,0,5
1768014269,74,0,7
1768014269,75,0,8
1768014270,76,0,8
1768014270,77,0,10
1768014271,78,0,11
1768014271,79,0,8
1768014271,80,0,11
1768014272,81,0,8
1768014272,82,0,10
1768014273,83,0,9
1768014273,84,0,8
1768014274,85,0,7
1768014274,86,0,8
1768014274,87,0,8
1768014274,88,0,6
1768014325,89,30,69
1768014325,90,87,155
1768014325,91,25,45
1768014325,92,72,147
1768014326,93,56,76
1768014326,94,166,254
1768014326,95,183,269
1768014326,96,82,127
1768014326,97,74,132
1768014326,98,63,99
1768014327,99,155,232
1768014327,100,97,135
1768014327,101,63,111
1768014327,102,123,300
1768014327,103,115,193
1768014327,104,245,383
1768014328,105,75,138
1768014328,106,120,228
1768014328,107,133,227
1768014328,108,13,74
1768014328,109,98,194
1768014328,110,177,302
1768014329,111,211,608
1768014329,112,70,138
1768014329,113,132,237
1768014329,114,45,89
1768014329,115,83,164
1768014330,116,189,391
1768014330,117,143,367
1768014330,118,88,430
1768014330,119,63,173
1768014331,120,115,274
1768014331,121,238,469
1768014331,122,77,196
1768014332,123,56,124
1768014332,124,83,211
1768014332,125,83,400
1768014332,126,92,190
1768014333,127,205,354
1768014333,128,63,131
1768014333,129,99,231
1768014333,130,98,453
1768014333,131,94,184
1768014334,132,158,280
1768014334,133,46,113
1768014334,134,80,165
1768014334,135,61,159
1768014334,136,74,145
1768014334,137,64,130
1768014334,138,118,188
1768014335,139,70,137
1768014335,140,60,167
1768014335,141,148,234
1768014335,142,48,90
1768014335,143,159,264
1768014336,144,187,277
1768014336,145,60,146
1768014336,146,82,168
1768014336,147,92,167
1768014336,148,71,142
1768014336,149,41,86
1768014337,150,142,613
1768014337,151,107,180
1768014337,152,37,139
1768014337,153,67,139
1768014337,154,52,105
1768014337,155,54,109
1768014337,156,167,278
1768014338,157,74,143
1768014338,158,150,249
1768014338,159,57,123
1768014338,160,45,104
1768014338,161,59,128
1768014338,162,89,209
1768014339,163,56,120
1768014339,164,16,52
1768014339,165,149,352
1768014339,166,78,145
1768014339,167,118,190
1768014339,168,71,165
1768014340,169,143,321
1768014340,170,64,155
1768014340,171,190,441
1768014340,172,112,220
1768014340,173,62,259
1768014341,174,93,196
1768014341,175,33,107
1768014341,176,68,157
1768014341,177,120,271
1768014341,178,54,190
1768014341,179,122,334
1768014342,180,95,214
1768014342,181,61,228
1768014342,182,59,135
1768014342,183,223,311
1768014342,184,39,91
1768014342,185,81,162
1768014343,186,49,145
1768014343,187,112,206
1768014343,188,111,197
1768014343,189,61,153
1768014343,190,236,450
1768014344,191,78,205
1768014344,192,10,42
1768014344,193,125,295
1768014344,194,90,176
1768014344,195,148,239
1768014345,196,80,160
1768014345,197,78,185
1768014345,198,101,185
1768014345,199,49,103
1768014345,200,14,49
1768014345,201,169,285
1768014345,202,81,159
1768014346,203,73,163
1768014346,204,93,176
1768014346,205,60,122
1768014346,206,60,130
1768014346,207,140,356
1768014347,208,35,130
1768014347,209,102,228
1768014347,210,85,202
1768014347,211,110,258
1768014348,212,65,180
1768014348,213,18,66
1768014348,214,69,190
1768014348,215,134,293
1768014348,216,99,367
1768014349,217,111,286
1768014349,218,30,96
1768014349,219,40,122
1768014349,220,162,427
1768014349,221,79,199
1768014349,222,85,190
1768014350,223,54,105
1768014350,224,85,161
1768014350,225,112,205
1768014350,226,78,166
1768014350,227,109,173
1768014350,228,83,150
1768014351,229,125,370
1768014351,230,70,146
1768014351,231,95,185
1768014351,232,70,147
1768014351,233,82,159
1768014351,234,107,194
1768014352,235,53,198
1768014352,236,146,265
1768014352,237,61,172
1768014352,238,124,294
1768014352,239,67,163
1768014353,240,104,194
1768014351,241,59,140
1768014351,242,42,146
1768014351,243,57,125
1768014351,244,8,45
1768014351,245,28,80
1768014351,246,177,931
1768014351,247,93,175
1768014352,248,79,143
1768014352,249,104,209
1768014352,250,93,185
1768014352,251,85,204
1768014352,252,76,192
1768014353,253,80,162
1768014353,254,125,264
1768014353,255,85,182
1768014353,256,128,287
1768014353,257,40,105
1768014353,258,72,187
1768014354,259,62,257
1768014354,260,53,123
1768014354,261,286,474
1768014354,262,63,138
1768014355,263,115,215
1768014355,264,114,243
1768014355,265,185,302
1768014355,266,88,226
1768014355,267,54,124
1768014356,268,51,111
1768014356,269,104,206
1768014356,270,90,172
1768014356,271,77,168
1768014356,272,37,75
1768014356,273,60,1072
1768014357,274,100,175
1768014357,275,181,342
1768014357,276,53,188
1768014357,277,103,187
1768014357,278,23,84
1768014358,279,215,303
1768014358,280,89,141
1768014358,281,172,256
1768014358,282,83,139
1768014358,283,54,109
1768014358,284,88,158
1768014359,285,76,172
1768014359,286,50,103
1768014359,287,175,269
1768014359,288,25,61
1768014359,289,63,130
1768014360,290,154,237
1768014360,291,73,145
1768014360,292,93,181
1768014360,293,40,97
1768014360,294,63,216
1768014360,295,63,198
1768014361,296,107,215
1768014361,297,215,345
1768014361,298,72,249
1768014362,299,117,421
1768014362,300,32,96
1768014362,301,30,90
1768014362,302,133,253
1768014363,303,297,558
1768014363,304,201,340
1768014363,305,159,260
1768014363,306,22,65
1768014363,307,23,66
1768014364,308,71,141
1768014364,309,258,487
1768014364,310,46,108
1768014365,311,386,639
1768014365,312,250,458
1768014365,313,76,193
1768014365,314,198,328
1768014366,315,84,183
1768014366,316,94,176
1768014366,317,235,466
1768014367,318,226,449
1768014367,319,23,63
1768014367,320,150,279
1768014367,321,269,484
1768014368,322,66,153
1768014368,323,217,374
1768014368,324,9,43
1768014368,325,138,232
1768014369,326,373,659
1768014369,327,167,291
1768014369,328,209,403
1768014369,329,12,51
1768014370,330,264,519
1768014370,331,146,255
1768014370,332,35,93
1768014370,333,65,152
1768014371,334,74,150
1768014371,335,207,1645
1768014371,336,26,63
1768014372,337,452,703
1768014372,338,18,60
1768014372,339,91,158
1768014373,340,506,825
1768014373,341,99,184
1768014373,342,252,490
1768014374,343,130,247
1768014374,344,258,474
1768014374,345,90,169
1768014374,346,103,182
1768014375,347,273,555
1768014375,348,237,474
1768014375,349,57,132
1768014376,350,266,484
1768014376,351,80,215
1768014377,352,311,832
1768014377,353,52,136
1768014377,354,142,260
1768014378,355,108,384
1768014378,356,310,601
1768014378,357,94,208
1768014379,358,81,225
1768014379,359,42,145
1768014379,360,94,220
1768014380,361,250,503
1768014380,362,46,102
1768014380,363,114,252
1768014380,364,94,183
1768014380,365,14,61
1768014380,366,127,280
1768014381,367,71,149
1768014381,368,11,48
1768014381,369,77,140
1768014381,370,69,118
1768014381,371,139,236
1768014381,372,114,190
1768014382,373,57,119
1768014382,374,99,161
1768014382,375,109,172
1768014382,376,10,49
1768014382,377,92,158
1768014382,378,73,141
1768014383,379,76,134
1768014383,380,117,224
1768014381,381,59,87
1768014381,382,17,66
1768014381,383,55,118
1768014381,384,131,246
1768014381,385,46,82
1768014382,386,37,77
1768014382,387,133,213
1768014382,388,104,216
1768014382,389,45,105
1768014382,390,250,447
1768014383,391,192,349
1768014383,392,66,143
1768014383,393,207,337
1768014384,394,107,276
1768014384,395,220,361
1768014384,396,111,239
1768014385,397,270,484
1768014385,398,54,159
1768014385,399,232,484
1768014385,400,91,176
1768014386,401,79,177
1768014386,402,117,263
1768014386,403,52,156
1768014386,404,138,269
1768014386,405,53,111
1768014387,406,102,1547
1768014387,407,87,167
1768014387,408,34,84
1768014387,409,75,154
1768014387,410,145,254
1768014388,411,69,169
1768014388,412,353,587
1768014388,413,80,160
1768014389,414,79,140
1768014389,415,85,161
1768014389,416,75,135
1768014389,417,33,93
1768014390,418,223,379
1768014390,419,75,143
1768014390,420,57,110
1768014391,421,366,578
1768014391,422,95,204
1768014391,423,148,362
1768014392,424,117,269
1768014392,425,53,165
1768014392,426,31,126
1768014392,427,224,377
1768014393,428,167,294
1768014393,429,63,166
1768014393,430,82,205
1768014393,431,111,249
1768014394,432,143,283
1768014394,433,70,164
1768014394,434,133,324
1768014395,435,61,161
1768014395,436,91,222
1768014395,437,76,171
1768014395,438,173,289
1768014396,439,100,191
1768014396,440,75,161
1768014396,441,97,190
1768014396,442,94,151
1768014397,443,173,304
1768014397,444,65,135
1768014397,445,64,127
1768014397,446,75,130
1768014397,447,143,255
1768014398,448,68,146
1768014398,449,71,135
1768014398,450,163,290
1768014398,451,111,258
1768014398,452,53,115
1768014399,453,48,108
1768014399,454,118,232
1768014399,455,137,264
1768014399,456,28,67
1768014399,457,52,83
1768014400,458,89,155
1768014400,459,202,294
1768014400,460,82,181
1768014400,461,58,122
1768014401,462,66,163
1768014401,463,49,112
1768014401,464,58,149
1768014401,465,125,280
1768014401,466,64,123
1768014401,467,19,45
1768014402,468,78,164
1768014402,469,203,332
1768014402,470,103,274
1768014402,471,78,247
1768014403,472,50,117
1768014403,473,165,312
1768014403,474,73,172
1768014404,475,89,239
1768014404,476,72,296
1768014404,477,61,145
1768014404,478,168,293
1768014404,479,53,119
1768014405,480,122,264
1768014405,481,100,239
1768014405,482,68,214
1768014406,483,194,360
1768014406,484,113,328
1768014407,485,232,585
1768014407,486,71,197
1768014407,487,79,222
1768014407,488,117,255
1768014408,489,81,196
1768014408,490,136,277
1768014408,491,184,647
1768014409,492,144,312
1768014409,493,47,118
1768014409,494,134,330
1768014409,495,64,141
1768014410,496,29,90
1768014410,497,144,280
1768014410,498,40,191
1768014410,499,186,345
1768014411,500,235,440
1768014411,501,48,105
1768014411,502,80,307
1768014412,503,200,327
1768014412,504,54,115
1768014412,505,104,221
1768014412,506,145,273
1768014413,507,101,210
1768014413,508,19,219
1768014411,509,198,337
1768014411,510,53,107
1768014412,511,142,369
1768014412,512,58,122
1768014412,513,189,325
1768014413,514,128,284
1768014413,515,52,77
1768014413,516,46,101
1768014413,517,111,232
1768014413,518,53,117
1768014414,519,235,540
1768014414,520,42,175
1768014414,521,21,62
1768014414,522,139,294
1768014415,523,152,392
1768014415,524,121,356
1768014415,525,49,137
1768014416,526,176,304
1768014416,527,129,258
1768014416,528,79,170
1768014417,529,91,207
1768014417,530,155,345
1768014417,531,93,269
1768014417,532,54,137
1768014418,533,79,224
1768014418,534,94,223
1768014418,535,87,303
1768014418,536,41,207
1768014419,537,89,375
1768014419,538,71,243
1768014419,539,81,185
1768014419,540,41,116
1768014419,541,89,255
1768014420,542,98,209
1768014420,543,143,290
1768014421,544,133,252
1768014421,545,53,178
1768014421,546,84,239
1768014422,547,106,282
1768014422,548,22,100
1768014422,549,143,274
1768014422,550,23,94
1768014423,551,140,260
1768014423,552,77,184
1768014423,553,122,247
1768014423,554,84,156
1768014424,555,153,277
1768014424,556,81,178
1768014424,557,79,184
1768014424,558,64,193
1768014425,559,62,130
1768014425,560,50,113
1768014425,561,168,293
1768014425,562,94,202
1768014426,563,131,341
1768014426,564,81,262
1768014426,565,95,208
1768014427,566,54,90
1768014427,567,157,429
1768014427,568,60,247
1768014428,569,87,216
1768014428,570,68,227
1768014428,571,191,388
1768014429,572,60,178
1768014429,573,72,187
1768014429,574,160,268
1768014429,575,20,73
1768014430,576,90,242
1768014430,577,83,166
1768014430,578,216,366
1768014431,579,34,89
1768014431,580,123,245
1768014431,581,131,315
1768014431,582,66,153
1768014432,583,150,253
1768014432,584,65,149
1768014432,585,29,63
1768014432,586,147,292
1768014433,587,79,186
1768014433,588,82,156
1768014433,589,134,785
1768014434,590,75,1551
1768014434,591,105,697
1768014434,592,89,966
1768014434,593,116,1302
1768014435,594,109,2006
1768014435,595,196,1877
1768014436,596,108,1122
1768014436,597,25,1025
1768014436,598,237,1287
1768014437,599,139,5643
1768014437,600,52,1781
1768014437,601,89,1425
1768014438,602,53,1827
1768014438,603,92,2214
1768014438,604,127,2126
1768014439,605,42,1253
1768014439,606,59,1478
1768014439,607,104,1876
1768014439,608,96,400
1768014440,609,65,793
1768014440,610,107,1648
1768014440,611,118,1737
1768014440,612,100,943
1768014441,613,61,1467
1768014441,614,45,605
1768014441,615,85,1383
1768014441,616,111,1756
1768014441,617,77,1891
1768014442,618,52,1499
1768014442,619,104,1373
1768014442,620,82,1543
1768014443,621,82,2155
1768014443,622,114,1618
1768014443,623,54,1038
1768014441,624,135,1509
1768014442,625,76,1487
1768014442,626,35,1451
1768014442,627,81,1901
1768014442,628,61,1279
1768014443,629,116,1411
1768014443,630,25,1329
1768014443,631,120,1880
1768014443,632,59,1433
1768014444,633,121,1330
1768014444,634,197,1378
1768014444,635,12,811
1768014444,636,51,1156
1768014444,637,73,907
1768014445,638,120,1745
1768014445,639,69,1265
1768014445,640,127,1162
1768014446,641,60,1452
1768014446,642,85,903
1768014446,643,76,1895
1768014446,644,78,1509
1768014446,645,72,1157
1768014447,646,107,1283
1768014447,647,95,1257
1768014447,648,125,1234
1768014448,649,76,977
1768014448,650,139,1641
1768014448,651,115,1156
1768014448,652,12,645
1768014449,653,214,1391
1768014449,654,75,815
1768014449,655,75,1103
1768014449,656,102,1987
1768014450,657,103,1452
1768014450,658,45,1136
1768014450,659,66,739
1768014450,660,36,719
1768014450,661,73,1021
1768014450,662,31,2861
1768014451,663,92,935
1768014451,664,122,696
1768014452,665,101,2325
1768014452,666,134,1508
1768014453,667,191,1695
1768014453,668,162,1716
1768014453,669,71,1257
1768014454,670,178,1182
1768014454,671,92,2277
1768014454,672,134,1184
1768014455,673,156,892
1768014455,674,92,1087
1768014455,675,125,635
1768014456,676,52,1255
1768014456,677,61,1234
1768014456,678,45,1017
1768014456,679,289,1682
1768014457,680,166,1825
1768014457,681,102,943
1768014457,682,124,695
1768014458,683,121,1886
1768014458,684,116,766
1768014458,685,12,1095
1768014459,686,290,1137
1768014459,687,81,1258
1768014459,688,85,1248
1768014460,689,108,1268
1768014460,690,168,1575
1768014460,691,76,1291
1768014461,692,120,542
1768014461,693,73,1900
1768014461,694,74,1442
1768014462,695,198,1432
1768014462,696,180,1293
1768014462,697,23,1141
1768014462,698,169,1571
1768014463,699,118,1272
1768014463,700,86,359
1768014463,701,81,1787
1768014464,702,125,1251
1768014464,703,82,857
1768014464,704,78,1435
1768014464,705,89,798
1768014465,706,86,1194
1768014465,707,160,1365
1768014465,708,75,560
1768014466,709,162,1566
1768014466,710,81,1215
1768014466,711,117,1302
1768014467,712,63,1755
1768014467,713,131,592
1768014468,714,86,1483
1768014468,715,115,2179
1768014468,716,84,1552
1768014469,717,122,1332
1768014469,718,95,857
1768014469,719,11,503
1768014470,720,110,1919
1768014470,721,112,1251
1768014470,722,92,1196
1768014470,723,87,1163
1768014471,724,94,1596
1768014471,725,107,1524
1768014471,726,79,1285
1768014472,727,137,1431
1768014472,728,92,1696
1768014472,729,134,1391
1768014473,730,60,1156
1768014473,731,100,2028
1768014473,732,158,2433
1768014472,733,115,1330
1768014472,734,104,1247
1768014472,735,73,996
1768014473,736,102,1997
1768014473,737,80,1127
1768014473,738,68,1244
1768014474,739,172,1136
1768014474,740,111,1732
1768014474,741,25,1366
1768014474,742,209,1308
1768014475,743,103,1025
1768014475,744,13,80
1768014475,745,143,490
1768014475,746,32,2018
1768014476,747,79,1494
1768014476,748,102,1464
1768014476,749,141,1377
1768014477,750,184,1954
1768014477,751,87,1306
1768014477,752,137,1289
1768014478,753,80,1183
1768014478,754,105,698
1768014478,755,114,1467
1768014479,756,98,1807
1768014479,757,51,570
1768014479,758,235,1174
1768014480,759,86,794
1768014480,760,91,746
1768014480,761,143,2278
1768014480,762,49,588
1768014481,763,116,1047
1768014481,764,52,1368
1768014481,765,25,2246
1768014482,766,137,1576
1768014482,767,105,1142
1768014482,768,47,879
1768014482,769,106,1689
1768014483,770,71,1420
1768014483,771,208,1302
1768014484,772,78,665
1768014484,773,68,986
1768014484,774,95,1245
1768014484,775,159,2028
1768014485,776,86,838
1768014485,777,54,1443
1768014485,778,127,636
1768014486,779,97,2067
1768014486,780,110,2331
1768014487,781,123,2271
1768014487,782,79,1497
1768014487,783,48,1149
1768014488,784,120,1587
1768014488,785,62,1177
1768014488,786,77,834
1768014488,787,65,1551
1768014488,788,13,500
1768014488,789,99,903
1768014489,790,166,1681
1768014489,791,67,971
1768014490,792,157,1361
1768014490,793,59,688
1768014490,794,74,645
1768014490,795,187,1387
1768014491,796,47,1305
1768014491,797,70,1855
1768014491,798,101,1262
1768014492,799,85,1320
1768014492,800,61,1339
1768014492,801,34,550
1768014493,802,130,2119
1768014493,803,152,1358
1768014493,804,125,1624
1768014494,805,46,1750
1768014494,806,89,777
1768014494,807,110,481
1768014494,808,35,1410
1768014495,809,176,2810
1768014495,810,55,644
1768014496,811,154,2216
1768014496,812,83,1512
1768014496,813,70,732
1768014497,814,85,1158
1768014497,815,135,1540
1768014497,816,148,1468
1768014498,817,116,1394
1768014498,818,60,774
1768014498,819,120,613
1768014499,820,82,1641
1768014499,821,117,1910
1768014499,822,72,885
1768014499,823,30,1102
1768014500,824,117,348
1768014500,825,105,1920
1768014500,826,51,1446
1768014500,827,89,1584
1768014501,828,58,1163
1768014501,829,160,528
1768014501,830,45,2151
1768014502,831,108,1758
1768014502,832,60,896
1768014502,833,107,1075
1768014503,834,84,2424
1768014503,835,96,2652
1768014503,836,63,448
1768014504,837,19,2975
1768014502,838,166,682
1768014502,839,39,1417
1768014503,840,102,2235
1768014503,841,54,1459
1768014503,842,12,1106
1768014503,843,40,1111
1768014503,844,120,1440
1768014504,845,89,1286
1768014504,846,62,1297
1768014504,847,155,1906
1768014504,848,31,1377
1768014505,849,102,862
1768014505,850,79,2018
1768014505,851,54,1080
1768014505,852,189,1973
1768014505,853,40,564
1768014506,854,80,1890
1768014506,855,43,1390
1768014506,856,93,1627
1768014507,857,60,876
1768014507,858,100,817
1768014507,859,102,637
1768014507,860,71,1103
1768014508,861,91,1650
1768014508,862,85,1089
1768014508,863,48,1484
1768014509,864,108,1459
1768014509,865,59,321
1768014509,866,155,1516
1768014509,867,47,1392
1768014510,868,134,418
1768014510,869,77,851
1768014510,870,56,1044
1768014510,871,211,1461
1768014511,872,99,1085
1768014511,873,107,748
1768014511,874,126,1451
1768014512,875,251,1680
1768014512,876,128,357
1768014513,877,142,1418
1768014513,878,91,1003
1768014513,879,47,1150
1768014514,880,322,1695
1768014514,881,34,733
1768014514,882,66,297
1768014514,883,77,970
1768014515,884,121,1884
1768014515,885,61,1178
1768014515,886,139,910
1768014516,887,92,1232
1768014516,888,256,1417
1768014517,889,171,1203
1768014517,890,172,2806
1768014518,891,346,1580
1768014518,892,49,1213
1768014519,893,353,1723
1768014520,894,392,1488
1768014521,895,49,1103
1768014521,896,65,1080
1768014522,897,413,2399
1768014523,898,340,1493
1768014524,899,78,1640
1768014525,900,375,1802
1768014525,901,55,819
1768014526,902,77,1195
1768014527,903,275,1245
1768014527,904,72,1164
1768014527,905,64,828
1768014528,906,59,898
1768014528,907,89,1008
1768014528,908,141,820
1768014528,909,118,1332
1768014528,910,10,1433
1768014529,911,22,713
1768014529,912,116,1447
1768014529,913,60,879
1768014530,914,139,2701
1768014530,915,97,1762
1768014530,916,66,1365
1768014531,917,68,399
1768014531,918,57,1476
1768014531,919,149,1231
1768014531,920,84,1000
1768014532,921,76,1549
1768014532,922,104,1100
1768014532,923,99,1282
1768014533,924,79,2715
1768014533,925,95,1440
1768014534,926,42,244
1768014534,927,64,2025
1768014533,928,75,1673
1768014533,929,69,969
1768014534,930,73,1101
1768014534,931,78,1672
1768014535,932,58,1559
1768014535,933,39,935
1768014536,934,223,1615
1768014537,935,145,1046
1768014537,936,74,1073
1768014537,937,138,1349
1768014538,938,133,1582
1768014538,939,103,1049
1768014538,940,28,1007
1768014539,941,100,1388
1768014539,942,85,1075
1768014539,943,52,998
1768014540,944,126,1240
1768014540,945,48,586
1768014540,946,122,1291
1768014541,947,68,1100
1768014541,948,46,810
1768014541,949,128,1385
1768014541,950,25,1029
1768014542,951,73,984
1768014542,952,39,564
1768014542,953,86,950
1768014543,954,147,1876
1768014543,955,75,1396
1768014543,956,60,230
1768014543,957,62,789
1768014543,958,9,1170
1768014545,959,254,2291
1768014545,960,69,882
1768014545,961,142,1068
1768014545,962,83,1187
1768014546,963,52,498
1768014546,964,66,1158
1768014546,965,76,1379
1768014546,966,52,798
1768014547,967,66,319
1768014547,968,117,1581
1768014547,969,105,2517
1768014547,970,7,1562
1768014548,971,87,1443
1768014548,972,90,949
1768014548,973,75,1831
1768014549,974,154,1512
1768014549,975,39,1376
1768014549,976,69,1265
1768014549,977,38,634
1768014549,978,58,2190
1768014550,979,142,1208
1768014550,980,48,2182
1768014550,981,92,1830
1768014551,982,44,1771
1768014551,983,61,2442
1768014551,984,57,1167
1768014551,985,89,2472
1768014552,986,12,892
1768014552,987,64,1223
1768014552,988,56,1138
1768014552,989,79,1172
1768014552,990,36,1273
1768014553,991,71,2076
1768014553,992,56,1719
1768014553,993,12,380
1768014553,994,81,1485
1768014554,995,76,1154
1768014554,996,49,264
1768014554,997,53,1469
1768014555,998,48,659
1768014555,999,37,902
1768014555,1000,78,1328
1768014555,1001,43,522
1768014555,1002,45,645
1768014555,1003,45,1566
1768014556,1004,68,904
1768014557,1005,81,1354
1768014557,1006,205,1648
1768014557,1007,35,577
1768014557,1008,67,489
1768014558,1009,86,1426
1768014558,1010,63,599
1768014558,1011,104,1711
1768014558,1012,39,1048
1768014559,1013,111,1092
1768014559,1014,94,1436
1768014559,1015,64,942
1768014560,1016,170,852
1768014561,1017,80,1207
1768014561,1018,47,999
1768014561,1019,74,1785
1768014562,1020,40,323
1768014562,1021,60,443
1768014562,1022,94,1865
1768014562,1023,58,1631
1768014563,1024,97,1229
1768014563,1025,91,1372
1768014563,1026,244,1689
1768014564,1027,91,1359
1768014564,1028,97,1571
1768014564,1029,85,1357
1768014563,1030,51,1595
1768014563,1031,75,827
1768014563,1032,57,833
1768014563,1033,74,1196
1768014564,1034,52,1391
1768014564,1035,95,1168
1768014564,1036,61,926
1768014564,1037,91,1293
1768014564,1038,70,1013
1768014565,1039,159,1477
1768014565,1040,44,880
1768014566,1041,130,1154
1768014566,1042,45,982
1768014566,1043,76,1639
1768014566,1044,16,2554
1768014567,1045,136,1896
1768014567,1046,95,1589
1768014568,1047,78,1253
1768014568,1048,32,421
1768014568,1049,52,2629
1768014568,1050,142,581
1768014569,1051,142,2157
1768014569,1052,31,1447
1768014569,1053,111,1845
1768014570,1054,167,1245
1768014571,1055,51,1100
1768014571,1056,108,1218
1768014571,1057,40,675
1768014572,1058,70,707
1768014572,1059,189,1347
1768014572,1060,50,618
1768014572,1061,84,1908
1768014573,1062,119,1347
1768014573,1063,85,2301
1768014573,1064,97,1079
1768014575,1065,162,1571
1768014575,1066,73,1344
1768014575,1067,34,1371
1768014575,1068,122,969
1768014576,1069,71,2715
1768014576,1070,167,957
1768014576,1071,53,1323
1768014577,1072,147,1056
1768014577,1073,141,1423
1768014578,1074,168,2474
1768014578,1075,70,368
1768014578,1076,35,1035
1768014578,1077,38,882
1768014579,1078,59,1205
1768014579,1079,184,818
1768014579,1080,37,1067
1768014579,1081,86,1614
1768014580,1082,158,1225
1768014580,1083,128,2349
1768014580,1084,37,937
1768014580,1085,53,467
1768014581,1086,100,1818
1768014581,1087,150,1199
1768014581,1088,103,1019
1768014582,1089,164,1438
1768014582,1090,93,1070
1768014582,1091,65,1050
1768014583,1092,72,1632
1768014583,1093,157,1814
1768014583,1094,99,1587
1768014584,1095,119,2843
1768014584,1096,153,1430
1768014584,1097,176,389
1768014585,1098,125,1987
1768014585,1099,67,1129
1768014585,1100,118,861
1768014585,1101,39,1146
1768014586,1102,66,1424
1768014586,1103,165,1554
1768014586,1104,139,1456
1768014587,1105,127,1192
1768014587,1106,31,955
1768014587,1107,70,1506
1768014587,1108,60,1185
1768014588,1109,107,1325
1768014588,1110,35,1243
1768014588,1111,121,1314
1768014589,1112,117,1806
1768014589,1113,129,1813
1768014589,1114,74,1005
1768014590,1115,70,1770
1768014590,1116,82,1329
1768014590,1117,147,1194
1768014591,1118,73,1267
1768014591,1119,46,1365
1768014591,1120,186,1348
1768014592,1121,66,1126
1768014592,1122,67,1363
1768014592,1123,36,469
1768014592,1124,107,2035
1768014593,1125,56,1228
1768014593,1126,126,696
1768014593,1127,13,731
1768014593,1128,87,1083
1768014593,1129,96,1819
1768014594,1130,299,839
1768014594,1131,66,1690
1768014594,1132,102,1506
1768014595,1133,52,1510
1768014593,1134,64,1611
1768014593,1135,46,506
1768014593,1136,102,667
1768014594,1137,49,1245
1768014594,1138,83,1733
1768014594,1139,13,1191
1768014594,1140,225,1538
1768014595,1141,48,925
1768014595,1142,83,1125
1768014595,1143,89,1099
1768014595,1144,38,1250
1768014596,1145,175,1233
1768014596,1146,65,1055
1768014596,1147,29,1195
1768014596,1148,52,2135
1768014596,1149,53,1310
1768014597,1150,107,1856
1768014597,1151,60,1699
1768014597,1152,73,449
1768014598,1153,213,1881
1768014598,1154,58,944
1768014598,1155,65,1001
1768014598,1156,39,971
1768014598,1157,39,1009
1768014598,1158,58,895
1768014599,1159,154,1206
1768014599,1160,104,591
1768014599,1161,52,854
1768014600,1162,59,973
1768014600,1163,65,996
1768014600,1164,212,2305
1768014600,1165,73,1873
1768014601,1166,41,1136
1768014601,1167,128,2471
1768014601,1168,115,1748
1768014601,1169,73,1143
1768014602,1170,49,1411
1768014602,1171,125,1128
1768014602,1172,12,1839
1768014602,1173,133,2067
1768014602,1174,52,1142
1768014603,1175,98,1458
1768014603,1176,158,1011
1768014603,1177,57,1197
1768014603,1178,36,972
1768014604,1179,109,2329
1768014604,1180,125,1543
1768014605,1181,118,1667
1768014605,1182,130,1808
1768014605,1183,65,1664
1768014605,1184,128,1966
1768014606,1185,77,295
1768014606,1186,71,1918
1768014606,1187,93,1356
1768014606,1188,127,1345
1768014607,1189,40,1224
1768014607,1190,69,1342
1768014607,1191,103,1624
1768014608,1192,222,1906
1768014608,1193,93,1184
1768014608,1194,89,1031
1768014609,1195,194,2360
1768014609,1196,88,1794
1768014609,1197,53,633
1768014609,1198,31,1631
1768014609,1199,142,1969
1768014610,1200,74,1076
1768014610,1201,77,1110
1768014610,1202,57,1109
1768014610,1203,93,1241
1768014610,1204,41,646
1768014611,1205,23,906
1768014611,1206,152,1713
1768014611,1207,55,1289
1768014611,1208,55,1326
1768014612,1209,148,2199
1768014612,1210,114,1230
1768014612,1211,72,1272
1768014612,1212,49,820
1768014612,1213,80,1372
1768014613,1214,76,1321
1768014613,1215,135,1802
1768014613,1216,26,654
1768014613,1217,64,1036
1768014613,1218,75,1852
1768014614,1219,54,459
1768014614,1220,112,1482
1768014614,1221,266,1685
1768014615,1222,99,1777
1768014615,1223,37,1468
1768014615,1224,71,1312
1768014615,1225,65,1378
1768014615,1226,88,1361
1768014616,1227,103,1853
1768014616,1228,50,1499
1768014616,1229,27,1335
1768014616,1230,65,1315
1768014616,1231,44,1502
1768014617,1232,131,1981
1768014617,1233,48,1603
1768014617,1234,44,1321
1768014617,1235,25,1174
1768014617,1236,128,1688
1768014618,1237,69,1366
1768014618,1238,74,1186
1768014618,1239,113,2441
1768014618,1240,63,1702
1768014619,1241,169,566
1768014619,1242,118,2671
1768014620,1243,46,1562
1768014620,1244,53,433
1768014620,1245,73,1726
1768014620,1246,44,551
1768014620,1247,87,1503
1768014621,1248,117,1682
1768014621,1249,49,1469
1768014621,1250,61,1884
1768014621,1251,93,1120
1768014622,1252,45,915
1768014622,1253,106,1385
1768014622,1254,87,1628
1768014622,1255,102,1835
1768014623,1256,59,838
1768014623,1257,110,838
1768014623,1258,76,1590
1768014623,1259,57,983
1768014623,1260,66,796
1768014624,1261,11,970
1768014624,1262,69,928
1768014624,1263,52,1113
1768014624,1264,33,478
1768014624,1265,136,444
1768014625,1266,86,1482
1768014625,1267,71,1130
1768014623,1268,179,1089
1768014623,1269,15,1321
1768014623,1270,18,804
1768014624,1271,157,1919
1768014624,1272,105,1352
1768014624,1273,26,504
1768014624,1274,134,1156
1768014625,1275,46,1488
1768014625,1276,19,1253
1768014625,1277,56,916
1768014625,1278,137,1566
1768014625,1279,71,1032
1768014626,1280,70,1214
1768014626,1281,53,1132
1768014626,1282,85,1388
1768014626,1283,53,862
1768014626,1284,88,2222
1768014627,1285,84,849
1768014627,1286,171,1395
1768014627,1287,89,875
1768014627,1288,65,309
1768014628,1289,58,755
1768014628,1290,158,2232
1768014629,1291,129,1457
1768014629,1292,96,1803
1768014629,1293,80,880
1768014629,1294,68,1720
1768014630,1295,77,1692
1768014630,1296,192,1082
1768014631,1297,58,1531
1768014631,1298,73,1330
1768014631,1299,43,1345
1768014632,1300,66,1102
1768014632,1301,60,701
1768014632,1302,46,1193
1768014632,1303,36,1133
1768014633,1304,147,2190
1768014634,1305,298,1754
1768014635,1306,56,1638
1768014635,1307,167,1450
1768014635,1308,14,592
1768014635,1309,132,3292
1768014637,1310,273,1415
1768014638,1311,156,1861
1768014638,1312,38,1261
1768014639,1313,251,1250
1768014639,1314,6,1252
1768014640,1315,153,1870
1768014640,1316,37,1630
1768014641,1317,101,1699
1768014641,1318,72,2522
1768014641,1319,174,1585
1768014642,1320,86,1036
1768014642,1321,20,2234
1768014643,1322,170,1498
1768014643,1323,135,1085
1768014643,1324,81,1220
1768014643,1325,76,1476
1768014643,1326,13,524
1768014644,1327,199,1453
1768014644,1328,65,1037
1768014644,1329,107,1617
1768014645,1330,86,1053
1768014645,1331,68,1632
1768014645,1332,128,1309
1768014646,1333,118,1205
1768014646,1334,43,949
1768014646,1335,192,1391
1768014647,1336,52,514
1768014647,1337,63,412
1768014647,1338,140,1829
1768014647,1339,56,805
1768014648,1340,58,1314
1768014648,1341,168,1099
1768014649,1342,83,541
1768014650,1343,202,846
1768014650,1344,74,2025
1768014650,1345,73,1395
1768014651,1346,65,902
1768014651,1347,41,1939
1768014651,1348,135,756
1768014651,1349,35,1762
1768014652,1350,181,1759
1768014652,1351,81,1048
1768014653,1352,65,1762
1768014653,1353,92,696
1768014653,1354,69,4390
1768014654,1355,168,934
1768014654,1356,52,1325
1768014654,1357,152,1377
1768014655,1358,71,1564
1768014655,1359,67,1623
1768014655,1360,34,1079
1768014655,1361,17,1224
1768014655,1362,72,1281
1768014654,1363,241,1026
1768014654,1364,75,1578
1768014655,1365,59,990
1768014655,1366,50,1451
1768014655,1367,12,597
1768014655,1368,146,1889
1768014656,1369,77,1331
1768014656,1370,86,428
1768014656,1371,162,1554
1768014656,1372,142,1573
1768014657,1373,67,1355
1768014657,1374,62,1239
1768014657,1375,88,1945
1768014657,1376,50,950
1768014658,1377,167,3556
1768014658,1378,98,1194
1768014658,1379,41,761
1768014658,1380,78,4518
1768014659,1381,135,820
1768014659,1382,102,1034
1768014659,1383,75,570
1768014659,1384,81,1397
1768014660,1385,97,1036
1768014660,1386,30,1232
1768014660,1387,173,1563
1768014660,1388,74,4658
1768014660,1389,93,4677
1768014661,1390,105,3928
1768014661,1391,66,10266
1768014661,1392,36,293
1768014661,1393,190,8256
1768014662,1394,62,8371
1768014662,1395,201,1185
1768014662,1396,88,1016
1768014663,1397,177,16577
1768014663,1398,72,7995
1768014664,1399,169,1543
1768014664,1400,100,7768
1768014664,1401,122,1801
1768014665,1402,114,1336
1768014665,1403,67,4228
1768014665,1404,122,1156
1768014665,1405,59,762
1768014666,1406,50,675
1768014666,1407,372,1307
1768014666,1408,38,849
1768014667,1409,78,1425
1768014667,1410,265,532
1768014667,1411,94,441
1768014668,1412,17,1531
1768014668,1413,138,1678
1768014668,1414,60,865
1768014668,1415,101,1266
1768014668,1416,51,976
1768014669,1417,127,1479
1768014669,1418,69,934
1768014669,1419,37,1447
1768014670,1420,173,1574
1768014670,1421,178,1309
1768014670,1422,45,913
1768014670,1423,106,1590
1768014671,1424,130,1666
1768014671,1425,67,1265
1768014671,1426,48,483
1768014671,1427,56,855
1768014672,1428,236,2701
1768014672,1429,11,1841
1768014672,1430,74,1216
1768014673,1431,67,961
1768014673,1432,128,2035
1768014674,1433,196,1095
1768014674,1434,70,3100
1768014674,1435,89,2309
1768014674,1436,61,1124
1768014675,1437,121,1414
1768014675,1438,67,1477
1768014675,1439,109,1353
1768014676,1440,281,830
1768014676,1441,116,1153
1768014676,1442,88,1487
1768014677,1443,79,1601
1768014677,1444,107,1786
1768014677,1445,64,892
1768014678,1446,114,1433
1768014678,1447,64,851
1768014678,1448,82,680
1768014679,1449,246,1649
1768014679,1450,76,996
1768014679,1451,123,1319
1768014680,1452,87,1755
1768014680,1453,140,1800
1768014680,1454,62,2601
1768014680,1455,70,1057
1768014681,1456,136,1171
1768014681,1457,158,1728
1768014681,1458,78,271
1768014682,1459,66,2761
1768014682,1460,90,867
1768014682,1461,1,1289
1768014682,1462,206,1160
1768014683,1463,132,1054
1768014683,1464,89,1045
1768014683,1465,84,1356
1768014684,1466,136,1015
1768014684,1467,67,910
1768014684,1468,150,1140
1768014685,1469,151,1435
1768014685,1470,118,322
1768014685,1471,59,1125
1768014684,1472,128,1508
1768014684,1473,145,1224
1768014684,1474,80,1452
1768014684,1475,25,525
1768014685,1476,109,1352
1768014685,1477,111,601
1768014685,1478,65,631
1768014686,1479,198,1931
1768014686,1480,97,1033
1768014686,1481,89,1413
1768014687,1482,83,823
1768014687,1483,55,1279
1768014687,1484,69,914
1768014687,1485,57,1016
1768014687,1486,49,235
1768014688,1487,158,848
1768014688,1488,7,953
1768014688,1489,108,1099
1768014688,1490,92,751
1768014689,1491,21,716
1768014689,1492,64,617
1768014689,1493,99,427
1768014689,1494,73,1012
1768014689,1495,52,794
1768014690,1496,44,487
1768014690,1497,122,821
1768014690,1498,278,1158
1768014691,1499,48,397
1768014691,1500,69,1005
1768014691,1501,61,688
1768014691,1502,110,890
1768014691,1503,20,249
1768014692,1504,77,1214
1768014692,1505,55,1305
1768014692,1506,48,1459
1768014692,1507,89,670
1768014693,1508,93,1335
1768014693,1509,31,916
1768014693,1510,85,1021
1768014694,1511,210,1517
1768014694,1512,37,792
1768014694,1513,15,1370
1768014694,1514,46,2318
1768014694,1515,83,1275
1768014695,1516,126,2247
1768014695,1517,108,1567
1768014695,1518,56,982
1768014696,1519,96,1183
1768014696,1520,55,1248
1768014696,1521,16,1085
1768014697,1522,127,1666
1768014697,1523,77,1356
1768014697,1524,74,1378
1768014697,1525,59,1026
1768014698,1526,22,1457
1768014698,1527,141,1324
1768014698,1528,62,1168
1768014698,1529,9,756
1768014699,1530,246,1261
1768014699,1531,8,1205
1768014699,1532,141,1162
1768014699,1533,12,499
1768014700,1534,89,1003
1768014700,1535,162,1663
1768014700,1536,76,2057
1768014701,1537,81,1277
1768014701,1538,121,4176
1768014701,1539,40,2889
1768014701,1540,70,899
1768014702,1541,61,1385
1768014702,1542,91,782
1768014702,1543,34,552
1768014702,1544,43,414
1768014702,1545,78,1741
1768014703,1546,80,1067
1768014703,1547,170,1071
1768014703,1548,35,397
1768014704,1549,88,842
1768014704,1550,97,1368
1768014704,1551,32,1100
1768014704,1552,123,544
1768014705,1553,82,1146
1768014705,1554,61,1719
1768014705,1555,236,1034
1768014705,1556,6,522
1768014706,1557,102,765
1768014706,1558,46,680
1768014706,1559,51,1306
1768014706,1560,93,1309
1768014706,1561,72,1189
1768014707,1562,53,1055
1768014707,1563,86,1180
1768014707,1564,99,1088
1768014707,1565,64,1724
1768014708,1566,189,1328
1768014708,1567,135,896
1768014708,1568,42,925
1768014708,1569,60,880
1768014709,1570,127,2008
1768014709,1571,211,1297
1768014709,1572,77,1726
1768014710,1573,19,1912
1768014710,1574,109,1401
1768014710,1575,70,925
1768014710,1576,75,703
1768014711,1577,77,734
1768014711,1578,82,1038
1768014711,1579,54,1417
1768014711,1580,154,857
1768014711,1581,15,1119
1768014712,1582,97,1340
1768014712,1583,87,1402
1768014712,1584,133,923
1768014712,1585,68,646
1768014713,1586,75,1035
1768014713,1587,10,1072
1768014713,1588,41,783
1768014713,1589,119,1560
1768014713,1590,67,1110
1768014714,1591,133,1024
1768014714,1592,106,977
1768014714,1593,151,1628
1768014714,1594,11,894
1768014715,1595,79,993
1768014715,1596,132,1417
1768014715,1597,93,1353
1768014716,1598,78,1535
1768014714,1599,77,1054
1768014715,1600,374,1672
1768014715,1601,99,932
1768014715,1602,40,564
1768014716,1603,99,1635
1768014716,1604,50,1215
1768014716,1605,10,989
1768014716,1606,187,742
1768014716,1607,69,1036
1768014717,1608,89,964
1768014717,1609,290,1807
1768014717,1610,67,744
1768014718,1611,68,1389
1768014718,1612,171,1443
1768014718,1613,30,1170
1768014718,1614,95,1465
1768014718,1615,13,849
1768014719,1616,120,1451
1768014719,1617,17,1127
1768014719,1618,276,1412
1768014720,1619,77,864
1768014720,1620,144,1700
1768014720,1621,91,936
1768014720,1622,46,1038
1768014721,1623,81,760
1768014721,1624,84,995
1768014721,1625,190,1156
1768014721,1626,53,2301
1768014721,1627,57,388
1768014722,1628,69,1266
1768014722,1629,111,1183
1768014722,1630,31,1649
1768014722,1631,90,1575
1768014723,1632,59,1127
1768014723,1633,100,1007
1768014723,1634,107,1079
1768014723,1635,95,678
1768014724,1636,73,1476
1768014724,1637,80,952
1768014724,1638,141,1172
1768014725,1639,181,376
1768014725,1640,51,1504
1768014725,1641,92,1050
1768014725,1642,34,1309
1768014725,1643,93,1470
1768014726,1644,97,855
1768014726,1645,93,1785
1768014726,1646,58,877
1768014727,1647,210,713
1768014727,1648,298,1480
1768014727,1649,60,959
1768014728,1650,93,1498
1768014728,1651,103,1383
1768014728,1652,78,907
1768014728,1653,53,1796
1768014729,1654,87,1130
1768014729,1655,47,608
1768014729,1656,83,800
1768014730,1657,125,1177
1768014730,1658,324,1513
1768014731,1659,69,1490
1768014731,1660,64,1489
1768014731,1661,143,1089
1768014731,1662,59,760
1768014732,1663,94,1203
1768014732,1664,60,1326
1768014732,1665,191,1487
1768014733,1666,73,646
1768014733,1667,158,1665
1768014733,1668,31,1373
1768014733,1669,109,1247
1768014734,1670,84,745
1768014734,1671,115,1567
1768014734,1672,68,221
1768014734,1673,81,1568
1768014735,1674,10,637
1768014735,1675,113,1340
1768014735,1676,163,1879
1768014736,1677,107,1741
1768014736,1678,92,1025
1768014736,1679,106,1775
1768014737,1680,96,1692
1768014737,1681,91,1952
1768014738,1682,227,1682
1768014738,1683,66,1351
1768014738,1684,109,1641
1768014738,1685,41,1100
1768014739,1686,160,1249
1768014739,1687,103,1270
1768014739,1688,83,1159
1768014739,1689,5,368
1768014740,1690,190,1172
1768014740,1691,40,1154
1768014740,1692,91,1803
1768014740,1693,15,1406
1768014740,1694,53,803
1768014741,1695,126,1821
1768014741,1696,160,1357
1768014741,1697,6,773
1768014741,1698,207,860
1768014742,1699,150,1810
1768014742,1700,45,2425
1768014742,1701,105,1399
1768014743,1702,49,1012
1768014743,1703,26,1437
1768014743,1704,111,1002
1768014743,1705,95,578
1768014744,1706,84,2010
1768014744,1707,24,770
1768014744,1708,93,1078
1768014744,1709,55,1439
1768014745,1710,115,922
1768014745,1711,246,1397
1768014745,1712,32,736
1768014745,1713,58,982
1768014745,1714,23,901
1768014746,1715,37,871
1768014746,1716,47,488
1768014746,1717,32,595
1768014744,1718,152,1232
1768014745,1719,57,619
1768014745,1720,206,1591
1768014745,1721,33,1308
1768014746,1722,167,1323
1768014746,1723,240,876
1768014746,1724,63,785
1768014746,1725,21,665
1768014747,1726,97,1118
1768014747,1727,13,786
1768014747,1728,334,1287
1768014747,1729,41,474
1768014748,1730,189,911
1768014748,1731,53,489
1768014748,1732,32,994
1768014748,1733,21,485
1768014748,1734,101,920
1768014749,1735,87,317
1768014749,1736,41,1157
1768014749,1737,126,1055
1768014750,1738,188,1396
1768014750,1739,100,1414
1768014750,1740,25,869
1768014750,1741,43,1065
1768014750,1742,148,1622
1768014751,1743,58,723
1768014751,1744,32,517
1768014751,1745,85,762
1768014751,1746,251,1140
1768014752,1747,69,1172
1768014752,1748,37,1176
1768014752,1749,157,975
1768014752,1750,58,755
1768014753,1751,65,932
1768014753,1752,64,939
1768014753,1753,103,1139
1768014753,1754,5,945
1768014753,1755,193,1394
1768014754,1756,107,932
1768014754,1757,47,894
1768014754,1758,24,1058
1768014754,1759,86,868
1768014754,1760,55,861
1768014755,1761,314,739
1768014755,1762,105,1139
1768014755,1763,44,699
1768014755,1764,73,1083
1768014756,1765,43,2393
1768014756,1766,98,1366
1768014756,1767,48,1308
1768014757,1768,60,2428
1768014757,1769,87,547
1768014757,1770,42,427
1768014757,1771,175,1699
1768014758,1772,59,1564
1768014758,1773,99,489
1768014758,1774,47,1660
1768014758,1775,204,885
1768014759,1776,80,279
1768014759,1777,19,596
1768014759,1778,127,1645
1768014759,1779,41,906
1768014759,1780,69,1176
1768014760,1781,50,574
1768014760,1782,38,540
1768014760,1783,60,802
1768014760,1784,60,548
1768014761,1785,243,1378
1768014761,1786,70,2129
1768014761,1787,37,1281
1768014761,1788,18,649
1768014762,1789,131,999
1768014762,1790,180,2346
1768014762,1791,80,1262
1768014762,1792,48,914
1768014763,1793,122,1169
1768014763,1794,58,726
1768014763,1795,89,958
1768014764,1796,167,2172
1768014764,1797,17,443
1768014764,1798,62,726
1768014764,1799,200,718
1768014765,1800,64,683
1768014765,1801,15,1136
1768014765,1802,48,487
1768014765,1803,7,300
1768014765,1804,70,1737
1768014765,1805,53,2796
1768014765,1806,40,355
1768014766,1807,39,1693
1768014766,1808,38,205
1768014766,1809,70,1349
1768014766,1810,261,3514
1768014767,1811,39,2064
1768014767,1812,17,599
1768014767,1813,53,3005
1768014767,1814,48,283
1768014767,1815,33,2407
1768014768,1816,66,1073
1768014768,1817,53,1325
1768014768,1818,112,1118
1768014768,1819,76,3368
1768014769,1820,56,1492
1768014769,1821,65,455
1768014769,1822,56,1539
1768014769,1823,69,1745
1768014770,1824,77,1097
1768014770,1825,72,879
1768014770,1826,78,545
1768014770,1827,201,1933
1768014771,1828,107,1208
1768014771,1829,189,1658
1768014772,1830,58,2050
1768014772,1831,95,1042
1768014772,1832,32,1530
1768014772,1833,65,2307
1768014773,1834,55,1025
1768014773,1835,7,2693
1768014773,1836,40,919
1768014773,1837,88,1170
1768014773,1838,59,1473
1768014773,1839,47,741
1768014773,1840,33,788
1768014774,1841,86,1868
1768014774,1842,54,1162
1768014774,1843,37,2169
1768014774,1844,91,1041
1768014775,1845,113,1044
1768014775,1846,28,486
1768014775,1847,121,1142
1768014775,1848,97,2141
1768014776,1849,214,1079
1768014776,1850,41,1367
1768014776,1851,88,847
1768014776,1852,34,616
1768014775,1853,122,1194
1768014775,1854,98,1142
1768014775,1855,47,1788
1768014776,1856,146,1172
1768014776,1857,59,1786
1768014776,1858,40,567
1768014776,1859,19,542
1768014776,1860,109,615
1768014776,1861,62,241
1768014777,1862,75,1150
1768014777,1863,195,2296
1768014777,1864,56,1063
1768014778,1865,132,1148
1768014778,1866,52,911
1768014778,1867,102,307
1768014778,1868,28,1059
1768014778,1869,107,1466
1768014778,1870,13,691
1768014779,1871,41,1648
1768014779,1872,87,1688
1768014779,1873,65,1350
1768014779,1874,18,777
1768014779,1875,46,1418
1768014780,1876,79,659
1768014780,1877,202,1769
1768014780,1878,28,1335
1768014780,1879,57,845
1768014781,1880,36,770
1768014781,1881,186,1608
1768014781,1882,52,1849
1768014781,1883,67,1217
1768014781,1884,37,891
1768014782,1885,105,1127
1768014782,1886,54,448
1768014782,1887,33,1602
1768014782,1888,141,1197
1768014782,1889,16,931
1768014783,1890,124,1383
1768014783,1891,46,623
1768014783,1892,48,629
1768014783,1893,69,1531
1768014783,1894,43,995
1768014784,1895,63,2103
1768014784,1896,38,969
1768014784,1897,54,1764
1768014785,1898,243,1619
1768014785,1899,60,1772
1768014785,1900,9,1183
1768014785,1901,204,1837
1768014786,1902,53,851
1768014786,1903,6,837
1768014786,1904,64,2331
1768014786,1905,34,619
1768014786,1906,79,367
1768014786,1907,83,1801
1768014786,1908,47,522
1768014787,1909,113,934
1768014787,1910,25,1782
1768014787,1911,50,720
1768014787,1912,67,405
1768014788,1913,246,2093
1768014788,1914,36,728
1768014788,1915,42,784
1768014788,1916,156,1163
1768014788,1917,62,1190
1768014789,1918,58,1015
1768014789,1919,28,338
1768014789,1920,63,1359
1768014789,1921,22,931
1768014789,1922,59,850
1768014789,1923,66,1337
1768014790,1924,62,1107
1768014790,1925,204,1232
1768014790,1926,81,511
1768014790,1927,54,770
1768014791,1928,100,1881
1768014791,1929,79,249
1768014792,1930,316,1293
1768014792,1931,33,579
1768014792,1932,140,1432
1768014792,1933,10,1857
1768014792,1934,61,823
1768014793,1935,85,1100
1768014793,1936,82,795
1768014793,1937,150,1700
1768014793,1938,95,1178
1768014793,1939,68,1319
1768014794,1940,114,2030
1768014794,1941,47,1212
1768014794,1942,70,1153
1768014795,1943,191,1254
1768014795,1944,44,994
1768014795,1945,53,849
1768014795,1946,66,664
1768014796,1947,303,1375
1768014796,1948,22,714
1768014796,1949,87,2030
1768014796,1950,67,1088
1768014796,1951,70,973
1768014796,1952,32,776
1768014797,1953,41,1210
1768014797,1954,220,1006
1768014797,1955,61,763
1768014797,1956,81,1320
1768014798,1957,12,1401
1768014798,1958,30,710
1768014798,1959,222,957
1768014798,1960,13,575
1768014798,1961,66,159
1768014799,1962,81,1776
1768014799,1963,236,1789
1768014799,1964,51,967
1768014799,1965,21,876
1768014800,1966,111,1095
1768014800,1967,27,766
1768014800,1968,90,1380
1768014800,1969,118,1366
1768014800,1970,71,1867
1768014801,1971,89,1265
1768014801,1972,37,1446
1768014801,1973,72,1832
1768014801,1974,57,1355
1768014802,1975,131,688
1768014802,1976,68,1279
1768014802,1977,70,1539
1768014802,1978,62,754
1768014802,1979,39,2186
1768014803,1980,114,1265
1768014803,1981,106,1011
1768014803,1982,65,1005
1768014803,1983,25,698
1768014804,1984,170,1135
1768014804,1985,37,629
1768014804,1986,94,1026
1768014804,1987,40,1821
1768014804,1988,77,324
1768014805,1989,46,925
1768014805,1990,158,1623
1768014805,1991,184,600
1768014806,1992,58,985
1768014806,1993,58,1235
1768014806,1994,21,685
1768014806,1995,70,758
1768014806,1996,124,968
1768014806,1997,56,1553
1768014807,1998,55,1949
1768014807,1999,72,699
1768014805,2000,41,691
1768014805,2001,66,653
1768014806,2002,155,1413
1768014806,2003,91,444
1768014806,2004,121,1073
1768014806,2005,100,982
1768014807,2006,62,558
1768014807,2007,58,990
1768014807,2008,72,1099
1768014807,2009,28,327
1768014807,2010,56,1118
1768014808,2011,148,1711
1768014808,2012,54,736
1768014808,2013,70,206
1768014808,2014,29,299
1768014808,2015,100,1366
1768014809,2016,89,1192
1768014809,2017,100,1101
1768014809,2018,56,1005
1768014809,2019,129,1486
1768014810,2020,74,1100
1768014810,2021,71,287
1768014810,2022,10,1365
1768014810,2023,49,581
1768014810,2024,108,984
1768014810,2025,134,1044
1768014811,2026,14,245
1768014811,2027,76,1252
1768014811,2028,103,851
1768014811,2029,114,413
1768014812,2030,98,1829
1768014812,2031,35,222
1768014812,2032,71,1593
1768014812,2033,28,342
1768014812,2034,174,1426
1768014813,2035,147,1763
1768014813,2036,27,914
1768014813,2037,54,823
1768014813,2038,105,1271
1768014813,2039,52,577
1768014814,2040,144,1021
1768014814,2041,35,460
1768014814,2042,107,1187
1768014814,2043,20,492
1768014814,2044,22,526
1768014814,2045,33,539
1768014814,2046,89,1045
1768014815,2047,31,2365
1768014815,2048,63,977
1768014815,2049,154,1617
1768014816,2050,100,1183
1768014816,2051,36,911
1768014816,2052,104,1441
1768014816,2053,46,1115
1768014816,2054,105,1049
1768014817,2055,114,1846
1768014817,2056,23,238
1768014817,2057,39,822
1768014817,2058,28,680
1768014817,2059,34,880
1768014817,2060,104,1318
1768014818,2061,27,690
1768014818,2062,88,1195
1768014818,2063,160,1396
1768014818,2064,59,1037
1768014818,2065,42,686
1768014819,2066,188,1909
1768014819,2067,71,1360
1768014819,2068,89,761
1768014820,2069,99,1143
1768014820,2070,102,1481
1768014820,2071,85,1600
1768014820,2072,64,790
1768014820,2073,30,379
1768014821,2074,48,974
1768014821,2075,82,1696
1768014821,2076,47,894
1768014821,2077,74,1050
1768014822,2078,143,1274
1768014822,2079,183,1079
1768014822,2080,68,1453
1768014822,2081,76,375
1768014823,2082,123,2020
1768014823,2083,33,1104
1768014823,2084,90,1433
1768014823,2085,37,900
1768014823,2086,9,743
1768014823,2087,157,422
1768014824,2088,32,460
1768014824,2089,107,1397
1768014824,2090,68,1030
1768014824,2091,76,1878
1768014824,2092,54,1026
1768014824,2093,9,1076
1768014825,2094,79,299
1768014825,2095,62,1132
1768014825,2096,12,987
1768014825,2097,41,944
1768014825,2098,99,1156
1768014825,2099,27,944
1768014826,2100,215,3070
1768014826,2101,62,1172
1768014826,2102,79,733
1768014826,2103,11,1064
1768014827,2104,124,887
1768014827,2105,93,245
1768014827,2106,176,2031
1768014827,2107,134,971
1768014828,2108,14,628
1768014828,2109,113,2407
1768014828,2110,95,946
1768014828,2111,48,776
1768014828,2112,81,1358
1768014829,2113,203,1087
1768014829,2114,28,694
1768014829,2115,110,551
1768014829,2116,94,1312
1768014830,2117,78,314
1768014830,2118,110,1847
1768014830,2119,66,923
1768014830,2120,98,1498
1768014830,2121,42,1092
1768014831,2122,81,968
1768014831,2123,43,1211
1768014831,2124,94,1142
1768014832,2125,197,1664
1768014832,2126,86,957
1768014832,2127,6,647
1768014832,2128,104,1209
1768014832,2129,22,1163
1768014833,2130,46,819
1768014833,2131,174,1284
1768014833,2132,119,1103
1768014834,2133,121,1586
1768014834,2134,62,2413
1768014835,2135,135,1710
1768014835,2136,59,1323
1768014835,2137,164,1500
1768014835,2138,69,1591
1768014836,2139,129,1710
1768014836,2140,197,1127
1768014836,2141,95,1478
1768014837,2142,152,703
1768014837,2143,88,1192
1768014837,2144,141,1401
1768014836,2145,74,1144
1768014836,2146,45,812
1768014836,2147,228,1981
1768014836,2148,60,2483
1768014837,2149,75,1075
1768014837,2150,24,877
1768014837,2151,197,1882
1768014837,2152,166,1314
1768014838,2153,76,791
1768014838,2154,84,1023
1768014838,2155,38,603
1768014838,2156,128,1206
1768014839,2157,81,1249
1768014839,2158,51,2747
1768014839,2159,88,1081
1768014839,2160,23,860
1768014839,2161,21,1297
1768014839,2162,99,983
1768014839,2163,27,509
1768014839,2164,5,959
1768014840,2165,65,1463
1768014840,2166,29,894
1768014840,2167,123,1453
1768014840,2168,165,724
1768014841,2169,98,1731
1768014841,2170,66,690
1768014841,2171,62,1364
1768014841,2172,212,1262
1768014842,2173,35,713
1768014842,2174,110,433
1768014842,2175,68,1324
1768014842,2176,72,1312
1768014842,2177,34,1491
1768014842,2178,37,1070
1768014843,2179,79,1075
1768014843,2180,16,1001
1768014843,2181,36,1007
1768014843,2182,140,1600
1768014843,2183,15,634
1768014844,2184,101,1601
1768014844,2185,99,1058
1768014844,2186,8,1231
1768014844,2187,52,972
1768014844,2188,122,1394
1768014845,2189,191,617
1768014845,2190,72,1782
1768014845,2191,73,726
1768014845,2192,107,1437
1768014846,2193,63,265
1768014846,2194,99,950
1768014846,2195,173,1565
1768014846,2196,76,1696
1768014847,2197,93,251
1768014847,2198,45,1468
1768014847,2199,27,1482
1768014847,2200,46,579
1768014847,2201,95,1253
1768014848,2202,75,1137
1768014848,2203,88,769
1768014848,2204,196,1555
1768014848,2205,15,1081
1768014849,2206,185,1452
1768014849,2207,16,228
1768014849,2208,88,1059
1768014849,2209,118,1062
1768014850,2210,282,1421
1768014850,2211,78,1817
1768014850,2212,74,658
1768014850,2213,36,2995
1768014851,2214,73,600
1768014851,2215,83,1035
1768014851,2216,0,1447
